-- The commands below were used in MySQL Worbench 8.0

-- Creating database
create database gestao_tarefas;

-- Setting database/schema as default
use gestao_tarefas;

-- Creating database tables
create table nivel_experiencia (
	cod_nivel_experiencia char(1) not null,
	descricao_nivel_experiencia varchar(10) not null,
    primary key (cod_nivel_experiencia)
);

create table programador (
	cod_programador int not null,
    nome varchar(80) not null,
    data_entrada_projeto date,
    cod_nivel_experiencia char(1) not null,
    primary key (cod_programador),
    foreign key (cod_nivel_experiencia) references nivel_experiencia (cod_nivel_experiencia)
);

create table escopo (
	cod_escopo int not null,
    descricao_escopo varchar(20) not null,
    primary key (cod_escopo)
);

create table prioridade (
	cod_prioridade int not null,
    descricao_prioridade varchar(20) not null,
    primary key (cod_prioridade)
);

create table produto (
	cod_produto int not null,
    nome_produto varchar(20) not null,
    primary key (cod_produto)
);

create table classificacao_modulo (
	cod_classificacao_modulo int not null,
    descricao_classificacao_modulo varchar(20) not null,
    primary key (cod_classificacao_modulo)
);

create table modulo (
	cod_modulo int not null,
    descricao_modulo varchar(20) not null,
    cod_classificacao_modulo int not null,
    primary key (cod_modulo),
    foreign key (cod_classificacao_modulo) references classificacao_modulo (cod_classificacao_modulo)
);

create table produto_modulo (
	cod_produto int not null,
    cod_modulo int not null,
    constraint pk_produto_modulo primary key (cod_produto, cod_modulo),
	foreign key (cod_produto) references produto (cod_produto),
    foreign key (cod_modulo) references modulo (cod_modulo)
);

create table sequencia_estimativa (
	cod_sequencia_estimativa int not null,
    descricao_sequencia_estimativa varchar(20) not null,
    primary key (cod_sequencia_estimativa)
);

create table valor_padrao_estimativa (
	valor float not null,
    unidade_medida varchar(10),
    constraint pk_valor_padrao_estimativa primary key (valor, unidade_medida)
);

create table valor_padrao_sequencia (
	valor float not null,
    unidade_medida varchar(10),
	cod_sequencia_estimativa int not null,
    constraint pk_valor_padrao_sequencia primary key (valor, unidade_medida, cod_sequencia_estimativa),
    constraint fk_valor_padrao foreign key (valor, unidade_medida) references valor_padrao_estimativa (valor, unidade_medida),
    constraint fk_sequencia_estimativa foreign key (cod_sequencia_estimativa) references sequencia_estimativa (cod_sequencia_estimativa)
);

create table sprint (
	quinzena int not null,
    mes int not null,
    ano int not null,
    constraint pk_sprint primary key (quinzena, mes, ano)
);

create table tarefa (
	cod_tarefa int not null,
    titulo varchar(150) not null,
    tempo_estimado float not null,
    tempo_gasto float not null,
    unidade_medida varchar(10),
    cod_sequencia_estimativa int not null,
	quantidade_falhas int not null,
    cod_programador int not null,
    cod_escopo int not null,
    cod_prioridade int not null,
	cod_produto int not null,
    cod_modulo int not null,
    quinzena int not null,
    mes int not null,
    ano int not null,    
    primary key (cod_tarefa),
    foreign key (cod_programador) references programador (cod_programador),
    foreign key (cod_escopo) references escopo (cod_escopo),
    foreign key (cod_prioridade) references prioridade (cod_prioridade),
    constraint fk_produto_modulo foreign key (cod_produto, cod_modulo) references produto_modulo (cod_produto, cod_modulo),
    constraint fk_estimativa_tarefa foreign key (tempo_estimado, unidade_medida, cod_sequencia_estimativa) references valor_padrao_sequencia (valor, unidade_medida, cod_sequencia_estimativa),
    constraint fk_sprint_tarefa foreign key (quinzena, mes, ano) references sprint (quinzena, mes, ano)
);

-- Inserting values into tables
insert into nivel_experiencia (cod_nivel_experiencia, descricao_nivel_experiencia) values
('T', 'Trainee'),
('J', 'Junior'),
('P', 'Pleno'),
('S', 'Sênior'),
('M', 'Master');

insert into programador (cod_programador, nome, data_entrada_projeto, cod_nivel_experiencia) values
(1, 'Programador 01', '2020-06-01', 'S'),
(2, 'Programador 02', '2021-02-15', 'P'),
(3, 'Programador 03', '2021-06-01', 'P'),
(4, 'Programador 04', '2021-08-15', 'P'),
(5, 'Programador 05', '2021-06-15', 'J'),
(6, 'Programador 06', '2020-06-01', 'S'),
(7, 'Programador 07', '2021-06-15', 'S'),
(8, 'Programador 08', '2021-07-15', 'M'),
(9, 'Programador 09', '2020-06-01', 'S'),
(10, 'Programador 10', '2020-06-01', 'S'),
(11, 'Programador 11', '2020-08-15', 'S'),
(12, 'Programador 12', '2020-12-15', 'S');

insert into escopo (cod_escopo, descricao_escopo) values
(1, 'Planejado'),
(2, 'Não planejado');

insert into prioridade (cod_prioridade, descricao_prioridade) values
(1, 'Baixa'),
(2, 'Normal'),
(3, 'Alta'),
(4, 'Urgente');

insert into produto (cod_produto, nome_produto) values
(1, 'Back Office Brasil'),
(2, 'PDV'),
(3, 'iPDV');

insert into classificacao_modulo (cod_classificacao_modulo, descricao_classificacao_modulo) values
(1, 'Back Office'),
(2, 'Front Office');

insert into modulo (cod_modulo, descricao_modulo, cod_classificacao_modulo) values
(1, 'Ambiente', 1),
(2, 'Cadastros', 1),
(3, 'Compras', 1),
(4, 'Configurações', 1),
(5, 'Contábil', 1),
(6, 'Estoque', 1),
(7, 'Eventos', 1),
(8, 'Financeiro', 1),
(9, 'Fiscal', 1),
(10, 'Gerencial', 1),
(11, 'Integrações', 1),
(12, 'Vendas', 2);

insert into produto_modulo (cod_produto, cod_modulo) values
(1, 1),
(1, 2),
(1, 3),
(1, 4),
(1, 5),
(1, 6),
(1, 7),
(1, 8),
(1, 9),
(1, 10),
(1, 11),
(2, 12),
(3, 12);

insert into sequencia_estimativa (cod_sequencia_estimativa, descricao_sequencia_estimativa) values
(1, 'Fibonacci');

insert into valor_padrao_estimativa (valor, unidade_medida) values
(1.00, 'h'),
(2.00, 'h'),
(3.00, 'h'),
(5.00, 'h'),
(8.00, 'h'),
(13.00, 'h'),
(21.00, 'h'),
(34.00, 'h');

insert into valor_padrao_sequencia (valor, unidade_medida, cod_sequencia_estimativa) values
(1.00, 'h', 1),
(2.00, 'h', 1),
(3.00, 'h', 1),
(5.00, 'h', 1),
(8.00, 'h', 1),
(13.00, 'h', 1),
(21.00, 'h', 1),
(34.00, 'h', 1);

insert into sprint (quinzena, mes, ano) values
(1, 6, 2020),
(2, 6, 2020),
(1, 7, 2020),
(2, 7, 2020),
(1, 8, 2020),
(2, 8, 2020),
(1, 9, 2020),
(2, 9, 2020),
(1, 10, 2020),
(2, 10, 2020),
(1, 11, 2020),
(2, 11, 2020),
(1, 12, 2020),
(2, 12, 2020),
(1, 1, 2021),
(2, 1, 2021),
(1, 2, 2021),
(2, 2, 2021),
(1, 3, 2021),
(2, 3, 2021),
(1, 4, 2021),
(2, 4, 2021),
(1, 5, 2021),
(2, 5, 2021),
(1, 6, 2021),
(2, 6, 2021);

insert into tarefa (cod_tarefa, titulo, tempo_estimado, tempo_gasto, unidade_medida, cod_sequencia_estimativa, quantidade_falhas, cod_programador, cod_escopo, cod_prioridade, cod_produto, cod_modulo, quinzena, mes, ano) values
(1, 'Contabilidade - Diferença 1 centavo na contabilização', 8.00, 11.00, 'h', 1, 1, 9, 2, 2, 1, 5, 1, 6, 2020),
(2, 'Sped Contribuições - Tela de geração', 1.00, 1.00, 'h', 1, 0, 9, 1, 2, 1, 9, 1, 6, 2020),
(3, 'Operações de Negócio - Campo - Gera Documento no Registro C500', 1.00, 1.00, 'h', 1, 0, 9, 1, 2, 1, 9, 1, 6, 2020),
(4, 'Registro C500 - Chave eletrônica', 1.00, 1.00, 'h', 1, 0, 9, 1, 2, 1, 9, 1, 6, 2020),
(5, 'Registro C500 - Modelos 55 e 66', 3.00, 5.50, 'h', 1, 0, 9, 1, 2, 1, 9, 1, 6, 2020),
(6, 'Processo Referenciado - Indicador Natureza Ação Judicial', 2.00, 2.00, 'h', 1, 0, 9, 1, 2, 1, 9, 1, 6, 2020),
(7, 'Apuração PIS/Cofins - Lançamento Demais Documentos Novos Campos', 5.00, 4.00, 'h', 1, 0, 9, 1, 2, 1, 9, 1, 6, 2020),
(8, 'Registro 1011: Detalhamento das Contribuições com Exigibilidade Suspensa', 3.00, 5.00, 'h', 1, 0, 9, 1, 2, 1, 9, 1, 6, 2020),
(9, 'Operações de Negócio - Campo Classificação Tipo Receita', 2.00, 1.50, 'h', 1, 0, 9, 1, 2, 1, 9, 1, 6, 2020),
(10, 'Nota de saída - PIS/COFINS campo Classificação da Receita - Tela do item do doc fiscal', 3.00, 8.00, 'h', 1, 0, 9, 1, 2, 1, 9, 1, 6, 2020),
(11, 'Nota de saída - PIS/COFINS campo Classificação da Receita - Notas originadas no PDV', 2.00, 3.00, 'h', 1, 0, 9, 1, 2, 1, 9, 1, 6, 2020),
(12, 'Apuração PIS/Cofins - Apuração_Seção Saídas_GRID TOTAIS CLASS DA RECEITA', 8.00, 11.00, 'h', 1, 0, 9, 1, 2, 1, 9, 1, 6, 2020),
(13, 'Apuração PIS/Cofins - Apuração_Seção Saídas_GRID TOTAIS CLASS DA RECEITA - Consulta', 2.00, 2.00, 'h', 1, 0, 9, 1, 2, 1, 9, 1, 6, 2020),
(14, 'SPED Contribuições - Registro 0900: Composição das Receitas do Período – Receita Bruta', 8.00, 14.00, 'h', 1, 1, 9, 1, 2, 1, 9, 1, 6, 2020),
(15, 'Lançamento Conhecimento de Frete - Indicador Natureza - Novos valores', 2.00, 2.00, 'h', 1, 0, 9, 1, 2, 1, 9, 1, 6, 2020),
(16, 'Sped Contribuições - Registro D101 e D105', 2.00, 2.00, 'h', 1, 0, 9, 1, 2, 1, 9, 1, 6, 2020),
(17, 'SPED Contribuições - Nota Modelo 55', 3.00, 3.00, 'h', 1, 1, 9, 1, 2, 1, 9, 1, 6, 2020),
(18, 'Custo kardex produto com ficha técnica (DIV Eat)', 8.00, 18.50, 'h', 1, 0, 6, 1, 2, 1, 6, 1, 6, 2020),
(19, 'Configuração Fiscal - Cálculo Imposto ICMS Substituição Tributária (CSTCSON 60/500)', 1.00, 4.00, 'h', 1, 0, 1, 1, 2, 1, 4, 1, 6, 2020),
(20, 'Emissão Nota Fiscal - Cálculo ICMS ST Retido', 3.00, 3.00, 'h', 1, 1, 10, 2, 2, 1, 9, 1, 6, 2020),
(21, 'Emissão Documento Fiscal PDV - Cálculo ICMS ST Retido', 2.00, 2.00, 'h', 1, 0, 1, 1, 2, 2, 12, 1, 6, 2020),
(22, 'Notas Fiscais Saída - Retenção', 3.00, 6.83, 'h', 1, 1, 6, 1, 2, 1, 9, 1, 6, 2020),
(23, 'Cadastro Forma de Pagamento - Novos Tipos', 1.00, 1.33, 'h', 1, 0, 6, 1, 2, 1, 2, 1, 6, 2020),
(24, 'Conferência de caixa - Novas Retenções', 1.00, 3.00, 'h', 1, 3, 6, 1, 2, 1, 10, 2, 6, 2020),
(25, 'Conferência de caixa - Gerar Título', 21.00, 44.50, 'h', 1, 2, 6, 1, 2, 1, 10, 2, 6, 2020),
(26, 'Gerar titulo quando o pedido vem pelo módulo encomenda', 8.00, 7.00, 'h', 1, 0, 7, 2, 2, 2, 12, 2, 6, 2020),
(27, 'Tradução Back Office para Inglês', 13.00, 75.00, 'h', 1, 0, 5, 1, 2, 1, 1, 2, 6, 2020),
(28, 'Cadastro de Impostos', 13.00, 9.00, 'h', 1, 0, 7, 2, 2, 1, 2, 2, 6, 2020),
(29, 'Lançamento de Item (erro Classificação Receita)', 1.00, 1.00, 'h', 1, 0, 9, 2, 2, 1, 9, 2, 6, 2020),
(30, 'Adequações Menus para Internacional', 3.00, 3.75, 'h', 1, 0, 6, 1, 2, 1, 1, 2, 6, 2020),
(31, 'PDV - Adequações Internacional (Pré-Fechar)', 21.00, 15.50, 'h', 1, 1, 7, 1, 2, 2, 12, 2, 6, 2020),
(32, 'PDV - Adequações Gerais Internacional', 8.00, 7.00, 'h', 1, 0, 7, 1, 2, 2, 12, 2, 6, 2020),
(33, 'PDV - Adequações Internacional (Extrato e Recibo)', 13.00, 15.00, 'h', 1, 0, 1, 1, 2, 2, 12, 2, 6, 2020),
(34, 'Cadastro de Itens - Aba Impostos (Sales TAX)', 8.00, 5.00, 'h', 1, 0, 7, 1, 2, 1, 2, 2, 6, 2020),
(35, 'Configurações do Sistema - Internacional', 3.00, 1.00, 'h', 1, 0, 7, 1, 2, 1, 4, 2, 6, 2020),
(36, 'Adequar formatação de data e hora para o padrão dos Estados Unidos', 8.00, 6.00, 'h', 1, 0, 7, 1, 2, 1, 2, 2, 6, 2020),
(37, 'PDV - Fechamento - Tela da forma de pagamento', 13.00, 11.00, 'h', 1, 0, 7, 2, 2, 2, 12, 2, 6, 2020),
(38, 'PDV - Grupo de Permissões', 3.00, 5.00, 'h', 1, 1, 7, 1, 2, 2, 12, 2, 6, 2020),
(39, 'Internacional - Validação MD5 (PAF)', 3.00, 3.50, 'h', 1, 0, 7, 1, 2, 2, 12, 2, 6, 2020),
(40, 'Alterações Gerais BackOffice Internacional - Máscara telefone', 8.00, 13.50, 'h', 1, 0, 6, 1, 2, 1, 2, 2, 6, 2020),
(41, 'Tradução Back Office para Inglês - Estoque', 13.00, 18.25, 'h', 1, 1, 6, 1, 2, 1, 1, 2, 6, 2020),
(42, 'Tradução Back Office para Inglês - Gerencial', 13.00, 45.50, 'h', 1, 1, 6, 1, 2, 1, 1, 2, 6, 2020),
(43, 'Tradução Back Office para Inglês - Alterações diversas e de infra', 13.00, 13.50, 'h', 1, 0, 6, 2, 2, 1, 1, 2, 6, 2020),
(44, 'Tradução Back Office para Inglês - Cadastros ', 13.00, 30.25, 'h', 1, 0, 5, 1, 2, 1, 1, 1, 7, 2020),
(45, 'Tradução Back Office para Inglês - Compras', 13.00, 13.00, 'h', 1, 1, 5, 1, 2, 1, 1, 1, 7, 2020),
(46, 'Tradução Back Office para Inglês - Financeiro', 13.00, 46.50, 'h', 1, 0, 5, 1, 2, 1, 1, 1, 7, 2020),
(47, 'Tradução Back Office para Inglês - Configurações', 13.00, 11.67, 'h', 1, 0, 5, 1, 2, 1, 1, 1, 7, 2020),
(48, 'Ajustes de tradução PDV ', 13.00, 46.00, 'h', 1, 2, 5, 2, 2, 2, 12, 1, 7, 2020),
(49, 'Tradução Back Office para Inglês - Fiscal', 13.00, 10.00, 'h', 1, 0, 5, 1, 2, 1, 1, 1, 7, 2020),
(50, 'Skin EUA', 2.00, 2.00, 'h', 1, 0, 5, 1, 2, 1, 1, 1, 7, 2020),
(51, 'Importação de títulos / cotas - Contas e Receber', 13.00, 42.33, 'h', 1, 5, 1, 1, 4, 1, 11, 1, 7, 2020),
(52, 'Contas a Receber - Origem Condomínio', 1.00, 1.00, 'h', 1, 0, 6, 1, 4, 1, 8, 1, 7, 2020),
(53, 'Contas a Receber Baixa de Títulos - Desab baixa parcial para tít de origem condomínio', 1.00, 0.50, 'h', 1, 1, 6, 1, 4, 1, 8, 1, 7, 2020),
(54, 'Cartão de Consumo 2 - PDV - Leitura do cartão de consumo', 8.00, 27.00, 'h', 1, 2, 7, 1, 2, 2, 12, 1, 7, 2020),
(55, 'Cartão de Consumo 1 - Cadastro de Ambiente', 1.00, 1.00, 'h', 1, 0, 7, 1, 2, 1, 2, 1, 7, 2020),
(56, 'PDV - Controle de Pensões (Integração FrontOffice)', 13.00, 46.50, 'h', 1, 0, 7, 1, 2, 2, 12, 1, 7, 2020),
(57, 'Compras - Planilha individual (Valor com casas decimais)', 3.00, 3.00, 'h', 1, 0, 7, 2, 2, 1, 3, 1, 7, 2020),
(58, 'PDV - Controle de Pensões (Integração FrontOffice) - Parte 2', 13.00, 19.00, 'h', 1, 3, 7, 1, 2, 2, 12, 1, 7, 2020),
(59, 'Integração Contas e Receber e Contas a Pagar - Recuperar JSON módulo Condominio', 21.00, 38.00, 'h', 1, 3, 10, 1, 4, 1, 11, 2, 7, 2020),
(60, 'Geração de 8.000 Titulos', 21.00, 21.00, 'h', 1, 1, 10, 1, 4, 1, 8, 2, 7, 2020),
(61, 'Integrar Fechamento Independente do Documento Fiscal', 8.00, 6.00, 'h', 1, 1, 8, 1, 2, 1, 9, 2, 7, 2020),
(62, 'Contas a Receber - Agrupável', 2.00, 3.00, 'h', 1, 0, 6, 1, 4, 1, 8, 2, 7, 2020),
(63, 'Contas a Receber - Desabilitar agrupamento para títulos não agrupáveis', 1.00, 1.00, 'h', 1, 0, 6, 1, 4, 1, 8, 2, 7, 2020),
(64, 'Contas a Receber - Cobrança - Demonstrar somente os títulos agrupáveis', 2.00, 1.50, 'h', 1, 0, 6, 1, 4, 1, 8, 2, 7, 2020),
(65, 'Agrupar Títulos', 21.00, 16.83, 'h', 1, 0, 10, 1, 4, 1, 8, 2, 7, 2020),
(66, 'Configurações Importação - Condomínio - Endereço servidor e tipo documento', 1.00, 1.50, 'h', 1, 0, 10, 1, 2, 1, 4, 2, 7, 2020),
(67, 'Tratar Perfil de Desconto', 13.00, 8.00, 'h', 1, 1, 7, 1, 2, 2, 12, 2, 7, 2020),
(68, 'Criar o motivo padrão de desconto', 3.00, 1.00, 'h', 1, 0, 7, 1, 2, 2, 12, 2, 7, 2020),
(69, 'Contas a Receber - Apresentar detalhe das cotas na consulta', 5.00, 6.00, 'h', 1, 0, 10, 1, 2, 1, 8, 2, 7, 2020),
(70, 'Listagem de pensões', 21.00, 24.00, 'h', 1, 0, 7, 1, 2, 2, 12, 2, 7, 2020),
(71, 'PDV - Controle de Pensões - Configuração', 1.00, 1.00, 'h', 1, 0, 7, 1, 4, 2, 12, 2, 7, 2020),
(72, 'Contas a Receber - Cobrança - Performance ', 8.00, 12.50, 'h', 1, 0, 6, 1, 2, 1, 8, 2, 7, 2020),
(73, 'Integração com PDVs de Terceiros - Cadastrar Impressora Fiscal', 1.00, 1.00, 'h', 1, 0, 1, 2, 2, 1, 11, 2, 7, 2020),
(74, 'Integração com PDVs de Terceiros - Abertura Caixa', 3.00, 6.00, 'h', 1, 0, 1, 2, 2, 1, 11, 2, 7, 2020),
(75, 'Integração com PDVs de Terceiros - Fechamento Caixa', 3.00, 3.00, 'h', 1, 0, 1, 2, 2, 1, 11, 2, 7, 2020),
(76, 'Integração com PDVs de Terceiros - Cupom fiscal', 21.00, 27.00, 'h', 1, 0, 1, 2, 2, 1, 11, 2, 7, 2020),
(77, 'Integração com PDVs de Terceiros - Redução Z', 13.00, 11.00, 'h', 1, 0, 1, 2, 2, 1, 11, 2, 7, 2020),
(78, 'Integração com PDVs de Terceiros - Importar arquivo Ato cotepe 17/04', 21.00, 23.00, 'h', 1, 0, 1, 2, 2, 1, 11, 2, 7, 2020),
(79, 'Impressão do Pedido - Solicitar pedido no lançamento', 2.00, 1.00, 'h', 1, 0, 7, 2, 4, 2, 12, 2, 7, 2020),
(80, 'Gerar PDF', 13.00, 21.00, 'h', 1, 0, 6, 1, 2, 1, 10, 2, 7, 2020),
(81, 'Motivo Cancelamento na aba Importação das configurações da integração', 1.00, 1.00, 'h', 1, 0, 1, 2, 2, 1, 11, 2, 7, 2020),
(82, 'Disponibilizar as variáveis do Numero da Cota e a Unidade do condomínio', 8.00, 7.00, 'h', 1, 0, 7, 2, 2, 1, 8, 2, 7, 2020),
(83, 'Microterminal - Erro de Sincronização', 5.00, 3.00, 'h', 1, 0, 7, 2, 2, 2, 12, 2, 7, 2020),
(84, 'Integração com PDVs de Terceiros - Parâmetros', 1.00, 1.00, 'h', 1, 0, 1, 2, 2, 1, 11, 2, 7, 2020),
(85, 'Integração com PDVs de Terceiros - Cupom Fiscal Validar Fiscal', 1.00, 0.83, 'h', 1, 0, 1, 2, 2, 1, 11, 2, 7, 2020),
(86, 'Integração com PDVs de Terceiros (Aloha) - Atualizar dados da Impressora Fiscal', 1.00, 0.17, 'h', 1, 0, 1, 2, 2, 1, 11, 2, 7, 2020),
(87, 'Integração com PDVs de Terceiros - Ícone para esse processo', 1.00, 0.50, 'h', 1, 0, 1, 2, 2, 1, 11, 2, 7, 2020),
(88, 'Importação de títulos / cotas - Contas a Pagar', 8.00, 6.00, 'h', 1, 1, 10, 1, 2, 1, 11, 1, 8, 2020),
(89, 'Integração com PDVs de Terceiros - Ato Cotepe 17/04 - Fundo de Troco e Sangria', 8.00, 9.50, 'h', 1, 0, 1, 1, 2, 1, 11, 1, 8, 2020),
(90, 'Emissão de SAT - Base de PIS/COFINS', 5.00, 3.00, 'h', 1, 0, 7, 1, 2, 1, 9, 1, 8, 2020),
(91, 'Importação de títulos - Sistema Condomínio - Coluna Operação', 3.00, 2.00, 'h', 1, 2, 10, 1, 2, 1, 11, 1, 8, 2020),
(92, 'Contas a pagar - Agrupar títulos', 8.00, 10.50, 'h', 1, 1, 10, 1, 2, 1, 8, 1, 8, 2020),
(93, 'Cadastro de relacionamento - Formas de Pagamento - Operação de caixa', 2.00, 1.50, 'h', 1, 0, 1, 1, 2, 1, 2, 1, 8, 2020),
(94, 'Contas a Pagar - Automatizar agrupamento de contas a pagar', 8.00, 3.00, 'h', 1, 0, 10, 1, 2, 1, 8, 1, 8, 2020),
(95, 'Contas a pagar - Desagrupar', 5.00, 3.00, 'h', 1, 1, 10, 1, 2, 1, 8, 1, 8, 2020),
(96, 'Contas a Pagar Baixa de Títulos - Desab baixa parcial para tít de origem condomínio', 2.00, 2.00, 'h', 1, 2, 10, 1, 2, 1, 8, 1, 8, 2020),
(97, 'Importação de títulos - Sistema Condomínio - Mensagens', 5.00, 5.42, 'h', 1, 0, 10, 1, 2, 1, 11, 1, 8, 2020),
(98, 'Compras - Planilha individual - Analise recurso alterar via web a planilha de cotação', 5.00, 2.50, 'h', 1, 0, 7, 1, 2, 1, 3, 1, 8, 2020),
(99, 'Compras - Planilha individual - Exportar', 5.00, 11.50, 'h', 1, 0, 6, 1, 2, 1, 3, 1, 8, 2020),
(100, 'Compras - Planilha individual - Importar', 8.00, 11.50, 'h', 1, 0, 6, 1, 2, 1, 3, 1, 8, 2020),
(101, 'Criar cadastro dos Aprovadores de Compra', 8.00, 8.50, 'h', 1, 1, 1, 1, 2, 1, 8, 1, 8, 2020),
(102, 'Criar opção no Pedido para Aprovação', 34.00, 29.75, 'h', 1, 1, 1, 1, 2, 1, 8, 1, 8, 2020),
(103, 'Criar opção na Solicitação de Pedido para Aprovação', 34.00, 26.50, 'h', 1, 0, 1, 1, 2, 1, 3, 1, 8, 2020),
(104, 'Considerar DIFA no valor do custo do item', 1.00, 1.00, 'h', 1, 0, 6, 1, 2, 1, 9, 1, 8, 2020),
(105, 'Nota de Entrada - DIFA', 3.00, 2.75, 'h', 1, 0, 1, 1, 2, 1, 9, 1, 8, 2020),
(106, 'Alteração de Entrada - DIFA', 3.00, 1.25, 'h', 1, 0, 1, 1, 2, 1, 9, 1, 8, 2020),
(107, 'Importação XML - DIFA', 3.00, 1.75, 'h', 1, 0, 1, 1, 2, 1, 9, 1, 8, 2020),
(108, 'Entrada Nota - Considerar Valor DIFA no Custo do Produto ', 2.00, 1.50, 'h', 1, 1, 1, 1, 2, 1, 9, 1, 8, 2020),
(109, 'Consulta de Documentos - Valor DIFA', 3.00, 1.25, 'h', 1, 0, 1, 1, 2, 1, 9, 1, 8, 2020),
(110, 'Envio dos números/séries de documentos fiscais para o Front', 13.00, 19.50, 'h', 1, 0, 6, 1, 2, 1, 11, 1, 8, 2020),
(111, 'Bloco X - Alerta de Impressora Fiscal sem Redução Z na abertura do PDV', 2.00, 2.00, 'h', 1, 0, 10, 2, 2, 2, 12, 1, 8, 2020),
(112, 'Relatório Demonstrativo de Receitas X Despesas - Sintético', 8.00, 10.50, 'h', 1, 2, 6, 1, 2, 1, 8, 1, 8, 2020),
(113, 'Bloquear Emissão da Redução Z com Impressora Fiscal sem Redução Z', 2.00, 2.00, 'h', 1, 0, 10, 2, 2, 1, 9, 1, 8, 2020),
(114, 'Importação de títulos - Sistema Condomínio - Ícone', 1.00, 0.25, 'h', 1, 0, 1, 2, 2, 1, 11, 1, 8, 2020),
(115, 'Integração com PDVs de Terceiros - Ato Cotepe 17/04 - Detalhe de cartões', 2.00, 2.00, 'h', 1, 0, 1, 2, 2, 1, 11, 1, 8, 2020),
(116, 'PDV - Perfil de Desconto FRONT', 13.00, 13.00, 'h', 1, 0, 7, 2, 2, 2, 12, 1, 8, 2020),
(117, 'Criar nova tabela para armazenar histórico', 2.00, 1.50, 'h', 1, 0, 6, 1, 2, 1, 8, 1, 8, 2020),
(118, 'Alteração da interface e gravar dados atualizados na nova tabela', 8.00, 4.00, 'h', 1, 0, 6, 1, 2, 1, 8, 1, 8, 2020),
(119, 'Disponibilizar Juros e Multa para inclusão no leiaute e ajustar a geração do boleto', 8.00, 10.50, 'h', 1, 5, 6, 1, 2, 1, 11, 1, 8, 2020),
(120, 'Contas a Pagar - Apresentar detalhe das cotas na consulta', 2.00, 2.00, 'h', 1, 1, 10, 2, 2, 1, 8, 1, 8, 2020),
(121, 'Criar novo cadastro de Grupos de Preço do Front Office', 8.00, 11.00, 'h', 1, 0, 7, 2, 2, 1, 2, 1, 8, 2020),
(122, 'Alteração na tela de Solicitações', 13.00, 16.00, 'h', 1, 0, 7, 2, 2, 1, 3, 1, 8, 2020),
(123, 'Alteração na tela de Solicitações - Status da aprovação', 3.00, 14.00, 'h', 1, 0, 7, 2, 2, 1, 3, 1, 8, 2020),
(124, 'Tratar inativação ou remoção de permissão', 5.00, 7.00, 'h', 1, 2, 6, 2, 2, 1, 3, 1, 8, 2020),
(125, 'Tratar relatórios e processos - impacto multiplos aprovadores', 5.00, 5.00, 'h', 1, 0, 6, 2, 2, 1, 3, 1, 8, 2020),
(126, 'Alteração na tela do pedido de compras - Status da aprovação', 21.00, 13.00, 'h', 1, 0, 7, 2, 2, 1, 3, 1, 8, 2020),
(127, 'Erro ao importar arquivo integração títulos', 3.00, 7.00, 'h', 1, 0, 10, 2, 2, 1, 11, 1, 8, 2020),
(128, 'Ajustes na tela - ajustes de termos e campo no banco de dados', 3.00, 3.00, 'h', 1, 1, 10, 2, 2, 1, 3, 1, 8, 2020),
(129, 'Delivery - Extrato - Validar regra do valor', 5.00, 5.00, 'h', 1, 0, 7, 2, 2, 2, 12, 2, 8, 2020),
(130, 'Delivery - Extrato - Validar regra do valor', 1.00, 4.50, 'h', 1, 0, 7, 2, 2, 2, 12, 2, 8, 2020),
(131, 'Menu Ferramentas - Bloco X Redução Z - Ordenamento por CRZ', 3.00, 2.50, 'h', 1, 0, 10, 1, 2, 2, 12, 2, 8, 2020),
(132, 'Desenvolver aplicativo de Integração', 8.00, 15.00, 'h', 1, 0, 4, 1, 2, 1, 11, 2, 8, 2020),
(133, 'Cadastro Formas de Pagamento - Fechamento de conta A Prazo (Observações)', 2.00, 2.50, 'h', 1, 1, 6, 1, 2, 1, 2, 2, 8, 2020),
(134, 'PDV - Fechamento de conta A Prazo (Observações)', 13.00, 11.00, 'h', 1, 2, 6, 1, 2, 2, 12, 2, 8, 2020),
(135, 'PDV - Impressão de Aceite - Listar Observações de Forma de Pagamento', 5.00, 2.00, 'h', 1, 0, 6, 1, 2, 2, 12, 2, 8, 2020),
(136, 'Cadastro de Fornecedor - Favorecido', 1.00, 1.50, 'h', 1, 1, 10, 1, 2, 1, 2, 2, 8, 2020),
(137, 'Gerencial - Relatório de Vendas canceladas', 5.00, 5.00, 'h', 1, 1, 10, 1, 2, 1, 10, 2, 8, 2020),
(138, 'Financeiro - Exportação ERP TI', 5.00, 7.00, 'h', 1, 0, 10, 1, 2, 1, 8, 2, 8, 2020),
(139, 'Mudanças na Tela de Cadastro de pedidos', 13.00, 7.50, 'h', 1, 0, 7, 2, 2, 1, 3, 2, 8, 2020),
(140, 'Integração condomínio - Status e reenvio do e-mail', 5.00, 9.42, 'h', 1, 0, 10, 2, 2, 1, 11, 2, 8, 2020),
(141, 'E-mail de Boletos para Clientes', 1.00, 1.00, 'h', 1, 0, 6, 2, 2, 1, 8, 2, 8, 2020),
(142, 'Importação de títulos - Sistema Condomínio - Atualizar dados da pessoa', 2.00, 6.17, 'h', 1, 0, 10, 2, 2, 1, 11, 2, 8, 2020),
(143, 'Validação Cancelamento da Solicitação', 2.00, 2.00, 'h', 1, 0, 11, 2, 2, 1, 3, 2, 8, 2020),
(144, 'Contabilização Financeiro - Títulos Origem Condomínio', 1.00, 4.00, 'h', 1, 0, 10, 2, 2, 1, 5, 2, 8, 2020),
(145, 'Reprocessamento Contábil - Títulos Origem Condomínio', 1.00, 1.50, 'h', 1, 0, 10, 2, 2, 1, 5, 2, 8, 2020),
(146, 'Importar Adiantamentos - Criação das classes base', 8.00, 8.50, 'h', 1, 0, 6, 1, 2, 1, 11, 1, 9, 2020),
(147, 'Integrador Opera x BackOffice - Importador - Interface', 13.00, 13.00, 'h', 1, 0, 11, 1, 2, 1, 11, 1, 9, 2020),
(148, 'Revisão da arquitetura', 2.00, 2.00, 'h', 1, 0, 6, 2, 2, 1, 1, 1, 9, 2020),
(149, 'Cadastro da Tela de Configurações', 21.00, 27.00, 'h', 1, 1, 7, 1, 2, 1, 2, 1, 9, 2020),
(150, 'Desfazer Integração', 13.00, 7.00, 'h', 1, 0, 7, 1, 2, 1, 11, 1, 9, 2020),
(151, 'Aplicativo de Integração - Não gerar exportação para origem condomínio.', 1.00, 0.17, 'h', 1, 0, 4, 1, 2, 1, 11, 1, 9, 2020),
(152, 'Importar Adiantamentos', 13.00, 21.00, 'h', 1, 0, 6, 1, 2, 1, 11, 1, 9, 2020),
(153, 'Integrador Opera x BackOffice - Importar Fechamentos', 21.00, 42.50, 'h', 1, 2, 6, 1, 2, 1, 11, 1, 9, 2020),
(154, 'Integrador Opera x BackOffice - Criação de tabelas', 2.00, 2.00, 'h', 1, 0, 11, 1, 2, 1, 11, 1, 9, 2020),
(155, 'Integrador Opera x BackOffice - Alterações Cliente', 13.00, 13.00, 'h', 1, 0, 11, 1, 2, 1, 11, 1, 9, 2020),
(156, 'Integrador Opera x BackOffice - Integracao Cliente x Servidor', 13.00, 21.00, 'h', 1, 0, 11, 1, 2, 1, 11, 1, 9, 2020),
(157, 'Título e corpo do e-mail', 1.00, 1.00, 'h', 1, 0, 10, 2, 2, 1, 11, 1, 9, 2020),
(158, 'Importação de títulos - Sistema Condomínio - Tipo de cobrança', 1.00, 1.75, 'h', 1, 0, 10, 2, 2, 1, 11, 1, 9, 2020),
(159, 'Integrador Opera x BackOffice - Importador - Filtros e ajustes de tela', 13.00, 17.00, 'h', 1, 0, 11, 1, 2, 1, 11, 1, 9, 2020),
(160, 'Integrador Opera x BackOffice - Importador - Configurar Permissões', 1.00, 1.00, 'h', 1, 0, 11, 1, 2, 1, 11, 1, 9, 2020),
(161, 'Pedido de Compra - Status para Aprovação', 1.00, 1.00, 'h', 1, 0, 7, 2, 2, 1, 3, 1, 9, 2020),
(162, 'Calculo ST com Desconto', 8.00, 8.00, 'h', 1, 2, 7, 1, 2, 1, 9, 2, 9, 2020),
(163, 'TEF WiFi - Particionamento', 13.00, 4.00, 'h', 1, 0, 7, 1, 2, 3, 12, 2, 9, 2020),
(164, 'Agrupar e desagrupar títulos - Não grava data de referência', 5.00, 2.00, 'h', 1, 0, 7, 1, 2, 1, 8, 2, 9, 2020),
(165, 'Contabilização Financeiro - Títulos Origem Condomínio', 8.00, 21.00, 'h', 1, 2, 6, 1, 2, 1, 5, 2, 9, 2020),
(166, 'Cadastro de pessoas - Tamanho do campo email', 5.00, 5.00, 'h', 1, 1, 7, 1, 2, 1, 2, 2, 9, 2020),
(167, 'Configurações Financeiro - Email - Assunto e descrição do e-mail', 5.00, 11.00, 'h', 1, 2, 11, 1, 2, 1, 4, 2, 9, 2020),
(168, 'Envio de e-mail - Assunto e descrição do e-mail', 5.00, 5.00, 'h', 1, 0, 11, 1, 2, 1, 11, 2, 9, 2020),
(169, 'Melhoria - Integrador Opera x BackOffice - Importar Fechamentos', 2.00, 3.00, 'h', 1, 0, 11, 1, 2, 1, 11, 2, 9, 2020),
(170, 'Baixa de títulos a receber - Correção Vl Saldo', 2.00, 2.75, 'h', 1, 0, 6, 2, 2, 1, 8, 2, 9, 2020),
(171, 'Integração do status das cotas do Backoffice para Condomínio - Lançar título', 8.00, 9.00, 'h', 1, 0, 6, 1, 2, 1, 11, 2, 9, 2020),
(172, 'Integração do status das cotas do Backoffice para Condomínio - Alterar título', 2.00, 2.50, 'h', 1, 0, 6, 1, 2, 1, 11, 2, 9, 2020),
(173, 'Integração do status das cotas do Backoffice para Condomínio - Baixar título', 3.00, 5.00, 'h', 1, 2, 6, 1, 2, 1, 11, 2, 9, 2020),
(174, 'Integração do status das cotas do Backoffice para Condomínio - Estornar baix títulos', 2.00, 3.25, 'h', 1, 1, 6, 1, 2, 1, 11, 2, 9, 2020),
(175, 'Integração do status das cotas do Backoffice para Condomínio - Cancelar títulos', 2.00, 3.50, 'h', 1, 1, 6, 1, 2, 1, 11, 2, 9, 2020),
(176, 'Integração do status das cotas do Backoffice para Condomínio - Reativar títulos', 2.00, 2.00, 'h', 1, 0, 6, 1, 2, 1, 11, 2, 9, 2020),
(177, 'Integração do status das cotas do Backoffice para Condomínio - Agrupar títulos', 5.00, 4.00, 'h', 1, 0, 6, 1, 2, 1, 11, 2, 9, 2020),
(178, 'Integração do status das cotas do Backoffice para Condomínio - Desagrupar títulos', 2.00, 2.00, 'h', 1, 0, 6, 1, 2, 1, 11, 2, 9, 2020),
(179, 'Importação de títulos - Sistema Condominio - IdEstabelecimento', 3.00, 1.00, 'h', 1, 1, 6, 1, 2, 1, 11, 2, 9, 2020),
(180, 'Integração de pessoas do Backoffice para condomínio - IdEstabelecimento', 1.00, 3.00, 'h', 1, 2, 6, 1, 2, 1, 11, 2, 9, 2020),
(181, 'Integração do status das cotas do Backoffice para Condomínio', 13.00, 19.50, 'h', 1, 5, 6, 1, 2, 1, 11, 2, 9, 2020),
(182, 'iFood - PDV - Reformulação Delivery', 13.00, 38.75, 'h', 1, 0, 6, 1, 2, 1, 11, 2, 9, 2020),
(183, 'iFood - Integrador Delivery - Configurações', 8.00, 27.00, 'h', 1, 0, 11, 1, 2, 1, 11, 2, 9, 2020),
(184, 'iFood - Cadastro Origem Delivery', 3.00, 4.50, 'h', 1, 1, 7, 1, 2, 1, 11, 2, 9, 2020),
(185, 'iFood - Comunicar PEDIDO CONCLUÍDO', 3.00, 5.00, 'h', 1, 0, 6, 1, 2, 1, 11, 2, 9, 2020),
(186, 'iFood - Configuração host', 5.00, 5.00, 'h', 1, 0, 7, 1, 2, 1, 11, 2, 9, 2020),
(187, 'iFood - Comunicar PEDIDO DESPACHADO', 3.00, 5.00, 'h', 1, 0, 6, 1, 2, 1, 11, 2, 9, 2020),
(188, 'iFood - Comunicar PEDIDO PRONTO', 3.00, 5.00, 'h', 1, 0, 6, 1, 2, 1, 11, 2, 9, 2020),
(189, 'iFood -Documentação', 13.00, 8.50, 'h', 1, 0, 11, 1, 2, 1, 11, 2, 9, 2020),
(190, 'iFood - Comunicar SOLICITAÇÃO DE CANCELAMENTO', 3.00, 4.00, 'h', 1, 0, 11, 1, 2, 1, 11, 2, 9, 2020),
(191, 'iFood -Gravar Detalhes do Pedido', 21.00, 42.00, 'h', 1, 1, 7, 1, 2, 1, 11, 2, 9, 2020),
(192, 'iFood - Comunicar PEDIDO CANCELADO', 3.00, 2.00, 'h', 1, 0, 6, 1, 2, 1, 11, 2, 9, 2020),
(193, 'iFood - Comunicar PEDIDO CONFIRMADO', 5.00, 6.00, 'h', 1, 0, 6, 1, 2, 1, 11, 2, 9, 2020),
(194, 'Menu Ferramentas - Bloco X Redução Z - Duplicidade de registros', 3.00, 4.50, 'h', 1, 1, 1, 2, 2, 2, 12, 2, 9, 2020),
(195, 'iFood - Integrador Delivery - Análise da Estrutura', 13.00, 13.00, 'h', 1, 0, 11, 1, 2, 1, 11, 2, 9, 2020),
(196, 'iFood - PDV Reformulação Delivery - Pendentes', 8.00, 16.00, 'h', 1, 0, 6, 1, 2, 1, 11, 2, 9, 2020),
(197, 'iFood - Em preparo (Confirmados)', 13.00, 15.50, 'h', 1, 0, 7, 1, 2, 1, 11, 2, 9, 2020),
(198, 'iFood - Pedidos Prontos', 5.00, 6.00, 'h', 1, 0, 7, 1, 2, 1, 11, 2, 9, 2020),
(199, 'iFood - Fechamento de conta', 13.00, 30.50, 'h', 1, 1, 7, 1, 2, 1, 11, 2, 9, 2020),
(200, 'iFood - Em entrega (Despachados)', 5.00, 1.00, 'h', 1, 0, 6, 1, 2, 1, 11, 2, 9, 2020),
(201, 'iFood - Detalhes do Pedido', 13.00, 15.00, 'h', 1, 0, 6, 1, 2, 1, 11, 2, 9, 2020),
(202, 'Ajustar a gravação na tabela FILAINTEGRACAO', 5.00, 5.50, 'h', 1, 0, 6, 2, 2, 1, 11, 2, 9, 2020),
(203, 'iFood - Criar forma de pagamento delivery', 5.00, 3.00, 'h', 1, 0, 7, 1, 2, 1, 11, 2, 9, 2020),
(204, 'iFood - Integrador Delivery - Criar Modelos de Dados', 21.00, 21.50, 'h', 1, 0, 11, 1, 2, 1, 11, 2, 9, 2020),
(205, 'iFood - Integrador Delivery - Interfaces de Conexão com DB (DAO)', 21.00, 22.00, 'h', 1, 0, 11, 1, 2, 1, 11, 2, 9, 2020),
(206, 'iFood - Integrador Delivery - Business de Conexão com APIs', 13.00, 13.00, 'h', 1, 0, 11, 1, 2, 1, 11, 2, 9, 2020),
(207, 'iFood - Integrador Delivery - Business de Conexão com PDV', 13.00, 13.00, 'h', 1, 0, 11, 1, 2, 1, 11, 2, 9, 2020),
(208, 'iFood - Integrador Delivery - Envio JSON de Pedido p/ PDV', 8.00, 8.50, 'h', 1, 0, 11, 1, 2, 1, 11, 2, 9, 2020),
(209, 'iFood - Integrador Delivery - Envio JSON de Status p/ PDV', 5.00, 5.50, 'h', 1, 0, 11, 1, 2, 1, 11, 2, 9, 2020),
(210, 'iFood - Integrador Delivery - Recepção JSON Status do PDV', 8.00, 32.50, 'h', 1, 0, 11, 1, 2, 1, 11, 2, 9, 2020),
(211, 'iFood - Integrador Delivery - Recepção Status API', 8.00, 8.50, 'h', 1, 0, 11, 1, 2, 1, 11, 2, 9, 2020),
(212, 'iFood - Integrador Delivery - Envio Status API', 8.00, 12.00, 'h', 1, 0, 11, 1, 2, 1, 11, 2, 9, 2020),
(213, 'iFood - Integrador Delivery - Criação Tabelas DB', 8.00, 8.50, 'h', 1, 0, 11, 1, 2, 1, 11, 2, 9, 2020),
(214, 'iFood - Analisar reestruturação dos lançamentos via aplicativo do Contas', 13.00, 14.00, 'h', 1, 0, 7, 1, 2, 1, 11, 2, 9, 2020),
(215, 'iFood - Reestruturação dos lançamentos via aplicativo do Contas', 21.00, 20.50, 'h', 1, 0, 7, 1, 2, 1, 11, 2, 9, 2020),
(216, 'Fiscal - Referenciar CF/NFCe', 1.00, 1.00, 'h', 1, 0, 6, 2, 2, 1, 9, 2, 9, 2020),
(217, 'iFood - Integrador Delivery - Relacionamentos (De/Para)', 8.00, 8.50, 'h', 1, 0, 11, 1, 2, 1, 11, 2, 9, 2020),
(218, 'Fiscal - Referenciar NFCe/CF (Erro AV)', 2.00, 7.00, 'h', 1, 0, 6, 2, 2, 1, 9, 2, 9, 2020),
(219, 'Financeiro Boletos - Campo Competência origem Condominio', 3.00, 3.00, 'h', 1, 0, 7, 2, 2, 1, 8, 2, 9, 2020),
(220, 'Estoque - Transferência entre empresas - dados de ICMS', 2.00, 2.00, 'h', 1, 0, 7, 1, 2, 1, 6, 2, 9, 2020),
(221, 'Fiscal - Referenciar NFCe/CF (Erro AV)', 1.00, 1.00, 'h', 1, 0, 6, 2, 2, 1, 9, 2, 9, 2020),
(222, 'iFood - PDV Delivery - Motivos de Cancelamento', 5.00, 4.00, 'h', 1, 1, 6, 1, 2, 1, 2, 2, 9, 2020),
(223, 'Bloco X Redução Z - Valor de acréscimo', 8.00, 4.25, 'h', 1, 1, 1, 2, 2, 2, 12, 2, 9, 2020),
(224, 'Importação de títulos - Sistema Condomínio - Alterar campo idtitulocondominio', 3.00, 3.00, 'h', 1, 0, 6, 2, 2, 1, 11, 2, 9, 2020),
(225, 'Erro ao importar arquivo JSON.', 5.00, 4.00, 'h', 1, 0, 6, 2, 2, 1, 11, 2, 9, 2020),
(226, 'iFood - Integrador Delivery - Endereço host', 5.00, 5.00, 'h', 1, 0, 11, 1, 2, 1, 11, 1, 10, 2020),
(227, 'Bloco X Redução Z - Valor de acréscimo e desconto', 13.00, 58.50, 'h', 1, 0, 1, 2, 2, 2, 12, 1, 10, 2020),
(228, 'Fechamentos auto-cancelados (PDV Terc. com SAT) estão se mantendo em aberto na conta', 8.00, 12.00, 'h', 1, 0, 1, 2, 2, 2, 12, 1, 10, 2020),
(229, 'Títulos - Campo = Agrupável', 1.00, 1.00, 'h', 1, 0, 6, 2, 2, 1, 11, 1, 10, 2020),
(230, 'Condomínio - Títulos a receber', 1.00, 1.00, 'h', 1, 0, 6, 2, 2, 1, 11, 1, 10, 2020),
(231, 'Alterar API de Lançamentos\Conta', 21.00, 33.17, 'h', 1, 3, 1, 2, 2, 1, 11, 1, 10, 2020),
(232, 'Existir dados cancelamento', 5.00, 2.50, 'h', 1, 0, 1, 2, 2, 2, 12, 1, 10, 2020),
(233, 'Carregar motivos no contas', 3.00, 2.50, 'h', 1, 0, 1, 2, 2, 2, 12, 1, 10, 2020),
(234, 'Sincronizar Delivery cancelado ao fechar o caixa', 3.00, 3.50, 'h', 1, 0, 1, 2, 2, 2, 12, 1, 10, 2020),
(235, 'Cancelamento de fechamento do tipo delivery', 8.00, 8.50, 'h', 1, 1, 1, 2, 2, 2, 12, 1, 10, 2020),
(236, 'Corrigir erro ao cancelar delivery', 3.00, 4.00, 'h', 1, 0, 6, 1, 2, 2, 12, 1, 10, 2020),
(237, 'Estoque - Transferência de Insumos entre Empresas', 5.00, 5.75, 'h', 1, 1, 6, 1, 2, 1, 6, 1, 10, 2020),
(238, 'Estoque - Quando NF é cancelada não atualiza o estoque ', 5.00, 3.00, 'h', 1, 0, 1, 1, 2, 1, 6, 1, 10, 2020),
(239, 'Consulta identificação de conta PDV X FRONT', 8.00, 9.50, 'h', 1, 0, 6, 1, 2, 2, 12, 1, 10, 2020),
(240, 'Rateio de taxas, acréscimo e desconto', 21.00, 35.00, 'h', 1, 0, 1, 1, 2, 2, 12, 1, 10, 2020),
(241, 'Gerar faturamento - Taxa de cartão por transação', 5.00, 3.00, 'h', 1, 0, 6, 1, 2, 1, 8, 1, 10, 2020),
(242, 'Financeiro - Importação de títulos de contas a receber e a pagar - Contabilização', 5.00, 4.50, 'h', 1, 0, 11, 1, 2, 1, 8, 1, 10, 2020),
(243, 'Conciliação de Cartão - Código da autorização - Não diferenciar maiúsc. e minúsc.', 3.00, 4.00, 'h', 1, 0, 11, 1, 2, 1, 8, 1, 10, 2020),
(244, 'Sinalizar Saldo limite de crédito', 3.00, 3.00, 'h', 1, 1, 7, 1, 2, 1, 3, 1, 10, 2020),
(245, 'Liberar/Bloquear Faturamento - Processo', 8.00, 23.50, 'h', 1, 2, 11, 1, 2, 1, 8, 1, 10, 2020),
(246, 'Liberar/Bloquear Faturamento - Métodos de validação', 13.00, 8.50, 'h', 1, 0, 7, 1, 2, 1, 8, 1, 10, 2020),
(247, 'Aprovar/Rejeitar Faturamento - Configuração', 1.00, 1.00, 'h', 1, 0, 7, 1, 2, 1, 8, 1, 10, 2020),
(248, 'Pessoa - Integração do Front Office', 1.00, 0.25, 'h', 1, 0, 6, 2, 2, 1, 11, 1, 10, 2020),
(249, 'Taxa de cartão por transação e taxa por percentual', 3.00, 3.00, 'h', 1, 0, 6, 2, 2, 1, 8, 1, 10, 2020),
(250, 'PDV - Erro de sincronização do cancelamento: Não foi possível cancelar ou inutilizar a NFC-e', 5.00, 3.25, 'h', 1, 0, 1, 2, 2, 2, 12, 1, 10, 2020),
(251, 'PDV - Não habilita o pré-fechar', 2.00, 3.00, 'h', 1, 1, 1, 2, 2, 2, 12, 1, 10, 2020),
(252, 'Bloco X - Configurações - Limite de Arquivos da Reduções Z e Estoque Pendentes', 1.00, 0.50, 'h', 1, 0, 1, 1, 2, 1, 4, 2, 10, 2020),
(253, 'Bloco X - PDV em MIT - Bloqueio por Redução Z e Estoque', 2.00, 2.00, 'h', 1, 1, 1, 1, 2, 2, 12, 2, 10, 2020),
(254, 'Bloco X - Emissão de Redução Z e Abertura PAF-ECF - Mensagens da Redução Z Pendente', 1.00, 0.25, 'h', 1, 2, 1, 1, 2, 2, 12, 2, 10, 2020),
(255, 'Bloco X - Emissão de Redução Z e Abertura PAF-ECF - Mensagens de Estoque Pendente', 1.00, 0.25, 'h', 1, 3, 1, 1, 2, 2, 12, 2, 10, 2020),
(256, 'Bloco X - Menu Fiscal - Mensagens da Redução Z Pendente', 1.00, 0.50, 'h', 1, 0, 1, 1, 2, 2, 12, 2, 10, 2020),
(257, 'Bloco X - Menu Fiscal - Mensagens de Estoque Pendente', 1.00, 0.50, 'h', 1, 0, 1, 1, 2, 2, 12, 2, 10, 2020),
(258, 'Abertura do Sistema de Gestão - Mensagens da Redução Z Pendente', 1.00, 0.50, 'h', 1, 0, 1, 1, 2, 1, 1, 2, 10, 2020),
(259, 'Abertura do Sistema de Gestão - Mensagens de Estoque Pendente', 1.00, 0.50, 'h', 1, 0, 1, 1, 2, 1, 1, 2, 10, 2020),
(260, 'Processos no Sistema de Gestão - Mensagens da Redução Z Pendente', 1.00, 0.50, 'h', 1, 0, 1, 1, 2, 2, 12, 2, 10, 2020),
(261, 'Processos no Sistema de Gestão - Mensagens de Estoque Pendente', 1.00, 0.50, 'h', 1, 0, 1, 1, 2, 1, 6, 2, 10, 2020),
(262, 'Delivery - Integração iFood Benefícios', 8.00, 1.50, 'h', 1, 0, 7, 1, 2, 2, 12, 2, 10, 2020),
(263, 'Entrada Nota Fiscal - Bloqueio do lançamento de nota fiscal de entrada sem Fechamento do Estoque do mês anterior - Considerar Dezembro', 1.00, 1.00, 'h', 1, 0, 1, 1, 2, 1, 9, 2, 10, 2020),
(264, 'Gerenciar Nota Fiscal Entrada - Bloqueio de alteração de nota fiscal de entrada sem Fechamento do Estoque do mês anterior - Considerar Dezembro', 1.00, 1.00, 'h', 1, 0, 1, 1, 2, 1, 9, 2, 10, 2020),
(265, 'Importar NFe -Bloqueio de importação sem Fechamento do Estoque do mês anterior - Considerar Dezembro', 1.00, 0.50, 'h', 1, 0, 1, 1, 2, 1, 9, 2, 10, 2020),
(266, 'Conferência de Caixa - Bloquear efetivação de caixa sem Fechamento do Estoque do mês anterior - Considerar Dezembro', 1.00, 1.00, 'h', 1, 0, 1, 1, 2, 1, 10, 2, 10, 2020),
(267, 'Bloqueio da efetivação do caixa pelo número de Redução Z pendentes de envio - Alterar mensagem', 1.00, 1.00, 'h', 1, 0, 1, 1, 2, 1, 10, 2, 10, 2020),
(268, 'Bloco X Gerar manualmente arquivo do Estoque', 2.00, 4.00, 'h', 1, 2, 1, 1, 2, 2, 12, 2, 10, 2020),
(269, 'DCTF - Parâmetros para gerar a DCTF - Versão 3.5', 3.00, 4.50, 'h', 1, 2, 11, 1, 2, 1, 9, 2, 10, 2020),
(270, 'Sped Contribuições - Parâmetros', 2.00, 1.75, 'h', 1, 0, 6, 1, 2, 1, 9, 2, 10, 2020),
(271, 'Cadastro de pessoas - Validação do endereço de cobrança', 1.00, 1.00, 'h', 1, 0, 6, 1, 2, 1, 2, 2, 10, 2020),
(272, 'Títulos a Pagar - Reimpressão da Ordem de pagamento', 3.00, 4.00, 'h', 1, 2, 6, 1, 2, 1, 8, 2, 10, 2020),
(273, 'Atualizar o vencimento do boleto - Gravar usuário', 2.00, 1.33, 'h', 1, 0, 6, 1, 2, 1, 8, 2, 10, 2020),
(274, 'Manutenção de lançamento em conta corrente - Apresentar usuário', 1.00, 1.00, 'h', 1, 0, 6, 1, 2, 1, 8, 2, 10, 2020),
(275, 'Lançar movimento em conta corrente - Gravar usuário', 5.00, 6.50, 'h', 1, 0, 6, 1, 2, 1, 8, 2, 10, 2020),
(276, 'Importação de títulos - Sistema Condomínio - Títulos a pagar individual', 2.00, 2.00, 'h', 1, 0, 6, 1, 2, 1, 11, 2, 10, 2020),
(277, 'Contas a Receber - Baixar Títulos - flag para não contabilizar', 1.00, 0.33, 'h', 1, 0, 6, 1, 2, 1, 8, 2, 10, 2020),
(278, 'Contas a Receber - Estornar Baixa de Títulos - Flag para não contabilizar', 1.00, 0.33, 'h', 1, 0, 6, 1, 2, 1, 8, 2, 10, 2020),
(279, 'Contas a Pagar - Baixar Títulos - Flag para não contabilizar', 1.00, 0.33, 'h', 1, 0, 6, 1, 2, 1, 8, 2, 10, 2020),
(280, 'Contas a Pagar - Estornar Baixa de Títulos - Flag para não contabilizar', 1.00, 0.33, 'h', 1, 0, 6, 1, 2, 1, 8, 2, 10, 2020),
(281, 'Relatório de Posição por Clientes - Conta contábil dos cartões', 3.00, 2.75, 'h', 1, 0, 11, 1, 2, 1, 8, 2, 10, 2020),
(282, 'Nota Fiscal de Entrada - Modelo Fiscal para emissão própria', 1.00, 1.00, 'h', 1, 0, 6, 1, 2, 1, 9, 2, 10, 2020),
(283, 'Contas a Receber - Baixar Títulos - Baixa de múltiplos títulos não finaliza o processo e não apresenta mensagem ao usuário', 2.00, 5.50, 'h', 1, 1, 11, 1, 2, 1, 8, 2, 10, 2020),
(284, '[Estudo] Visualização da DANFE sem emissão da Nota fiscal', 8.00, 8.00, 'h', 1, 0, 1, 1, 2, 1, 9, 2, 10, 2020),
(285, 'Pré Fechamento - Taxa de serviço após iniciar a venda sem emissão do extrato', 5.00, 3.00, 'h', 1, 0, 7, 1, 2, 2, 12, 2, 10, 2020),
(286, 'Configuração de NFC-e em contingência e permitir NF-e sobre NFC-e', 1.00, 1.00, 'h', 1, 0, 6, 1, 2, 1, 4, 2, 10, 2020),
(287, 'Integração Cadastro de Plano financeiro BackOffice para Condomínio - Filaintegracao', 3.00, 3.00, 'h', 1, 0, 6, 1, 2, 1, 11, 2, 10, 2020),
(288, 'Integração Cadastro de Plano financeiro BackOffice para Condomínio', 8.00, 8.50, 'h', 1, 2, 6, 1, 2, 1, 11, 2, 10, 2020),
(289, 'PDV - Delivery - Demonstração de valores', 5.00, 3.00, 'h', 1, 0, 7, 1, 2, 2, 12, 2, 10, 2020),
(290, 'Ajuste Limite de Crédito - Aplicação Encomendas e Faturamento', 8.00, 4.00, 'h', 1, 0, 7, 1, 2, 2, 12, 2, 10, 2020),
(291, 'Ajuste no servidor para retornar os modelos fiscais', 13.00, 24.00, 'h', 1, 0, 6, 1, 2, 1, 9, 2, 10, 2020),
(292, 'Pedido de Compra - Observação por item', 5.00, 5.33, 'h', 1, 1, 11, 1, 2, 1, 3, 2, 10, 2020),
(293, 'Contas a Receber - Filtro Data Movimento', 5.00, 3.00, 'h', 1, 0, 6, 1, 2, 1, 8, 2, 10, 2020),
(294, 'Emitir Nota Fiscal - Recuperar IPI do Cadastro de Produto', 3.00, 3.83, 'h', 1, 1, 11, 1, 2, 1, 9, 2, 10, 2020),
(295, 'Livro Entrada - Resumo IPI por CFOP', 8.00, 12.00, 'h', 1, 3, 7, 1, 2, 1, 9, 2, 10, 2020),
(296, 'Livro de Saída - Valores Referente ao IPI e Totalizar IPI por CFOP', 8.00, 12.00, 'h', 1, 2, 7, 1, 2, 1, 9, 2, 10, 2020),
(297, 'Compras - Erro Planilha de Cotação Individual', 2.00, 2.00, 'h', 1, 0, 11, 1, 2, 1, 3, 2, 10, 2020),
(298, 'Delivery - Integração iFood Benefícios', 5.00, 5.00, 'h', 1, 0, 7, 1, 2, 2, 12, 2, 10, 2020),
(299, 'PDV - Delivery integração iFood Benefícios no Extrato', 3.00, 2.00, 'h', 1, 0, 7, 1, 2, 2, 12, 2, 10, 2020),
(300, 'Limpeza do Delivery', 3.00, 3.00, 'h', 1, 0, 7, 2, 2, 2, 12, 2, 10, 2020),
(301, 'Ajuste Limite de Crédito - Por Data e Percentual (GoWinz)', 8.00, 12.25, 'h', 1, 5, 11, 1, 2, 1, 2, 1, 11, 2020),
(302, 'Contas a Receber - Lançar\Alterar Títulos - Campo RV', 1.00, 1.00, 'h', 1, 0, 6, 1, 4, 1, 8, 1, 11, 2020),
(303, 'Títulos a Receber - Consulta pelo RV', 2.00, 1.50, 'h', 1, 0, 6, 1, 4, 1, 8, 1, 11, 2020),
(304, 'Contas a Receber - Agrupar Títulos - RV', 2.00, 1.50, 'h', 1, 0, 6, 1, 4, 1, 8, 1, 11, 2020),
(305, 'Contas a receber - Lançar - Rateio da taxa', 8.00, 6.50, 'h', 1, 0, 7, 1, 2, 1, 8, 1, 11, 2020),
(306, 'Fechamento de Contas - Formas de pagamento', 2.00, 2.08, 'h', 1, 0, 11, 1, 2, 2, 12, 1, 11, 2020),
(307, 'TEF WiFi - Fechamento com mais de uma forma de pagamento', 21.00, 24.50, 'h', 1, 5, 7, 1, 3, 2, 12, 1, 11, 2020),
(308, 'TEF WiFi - Impressão de Gorjeta', 8.00, 15.50, 'h', 1, 5, 7, 1, 2, 3, 12, 1, 11, 2020),
(309, 'TEF WiFi - Retirar Taxa de Serviço', 8.00, 6.00, 'h', 1, 2, 7, 1, 2, 3, 12, 1, 11, 2020),
(310, 'TEF WiFi - Controlar Caixa por Atendente', 8.00, 17.00, 'h', 1, 3, 7, 1, 2, 3, 12, 1, 11, 2020),
(311, 'Integrador BackOffice para Condomínio', 5.00, 4.25, 'h', 1, 0, 11, 1, 2, 1, 11, 1, 11, 2020),
(312, 'Atualizar o vencimento do boleto - Gravar data e hora', 2.00, 1.50, 'h', 1, 0, 11, 1, 2, 1, 8, 1, 11, 2020),
(313, 'Apuração ISSQN - Titulo de Imposto', 3.00, 3.00, 'h', 1, 0, 11, 1, 2, 1, 9, 1, 11, 2020),
(314, 'Apuração ISSQN - Integrar Financeiro', 3.00, 2.75, 'h', 1, 0, 11, 1, 2, 1, 8, 1, 11, 2020),
(315, 'Contas a Pagar - Estornar Baixa de Títulos', 2.00, 1.00, 'h', 1, 2, 11, 1, 2, 1, 8, 1, 11, 2020),
(316, 'Extrato de Contas Correntes - Ignorar estornos', 3.00, 6.50, 'h', 1, 0, 11, 1, 2, 1, 8, 1, 11, 2020),
(317, 'Manutenção de lançamento em conta corrente - Transferências entre contas', 8.00, 26.00, 'h', 1, 1, 11, 1, 2, 1, 8, 1, 11, 2020),
(318, 'Configurações Contábeis - Estorno - Manutenção de transferência conta corrente', 1.00, 0.50, 'h', 1, 0, 6, 1, 2, 1, 4, 1, 11, 2020),
(319, 'Contabilização transferência entre contas - Ativar e inativar lançamento', 8.00, 5.50, 'h', 1, 1, 11, 1, 2, 1, 5, 1, 11, 2020),
(320, 'Extrato de conta corrente - Ignorar lançamentos manual e transferência cancelados.', 3.00, 0.50, 'h', 1, 0, 11, 1, 2, 1, 8, 1, 11, 2020),
(321, 'Visualização da DANFE sem emissão da Nota fiscal', 34.00, 31.75, 'h', 1, 1, 1, 1, 3, 1, 9, 1, 11, 2020),
(322, 'Levantamento de arquivos necessários para servidores e clientes do Back e PDV.', 21.00, 37.00, 'h', 1, 0, 11, 1, 2, 1, 1, 1, 11, 2020),
(323, 'PDV - Identificação conta hotel (Terceirizado)', 3.00, 2.00, 'h', 1, 0, 1, 2, 2, 2, 12, 1, 11, 2020),
(324, 'Conciliação de Cartão - Redecard - Conciliação de lançamentos de cartões rotativos', 13.00, 13.00, 'h', 1, 2, 6, 1, 2, 1, 8, 1, 11, 2020),
(325, 'Conciliação de Cartão - Redecard - Conciliação de lançamentos de cartões parcelados', 13.00, 51.00, 'h', 1, 0, 6, 1, 2, 1, 8, 1, 11, 2020),
(326, 'Conciliação de Cartão - Redecard - Conciliação de baixa de cartões', 13.00, 31.00, 'h', 1, 0, 6, 1, 2, 1, 8, 1, 11, 2020),
(327, 'Compras - Planilha de Cotação Individual - Condições de Pagamento', 3.00, 3.75, 'h', 1, 0, 11, 2, 2, 1, 3, 1, 11, 2020),
(328, 'Planilha de Cotação Individual - Condições de Pagamento - Exportar/Importar', 2.00, 5.00, 'h', 1, 1, 11, 2, 2, 1, 3, 1, 11, 2020),
(329, 'Contas a Receber e a Pagar - Anexos', 13.00, 13.17, 'h', 1, 3, 7, 2, 2, 1, 8, 1, 11, 2020),
(330, 'Contas a Receber - Baixa Agrupada - Permitir zerar multa e juros', 5.00, 6.00, 'h', 1, 0, 7, 2, 2, 1, 8, 1, 11, 2020),
(331, 'Gerenciador de Formulários - Fatura e Boleto - Observação do título', 1.00, 0.50, 'h', 1, 0, 6, 2, 2, 1, 10, 1, 11, 2020),
(332, 'Títulos a Receber - Consulta - Observação', 2.00, 1.50, 'h', 1, 1, 6, 2, 2, 1, 8, 1, 11, 2020),
(333, 'Títulos a Pagar - Consulta - Observação', 1.00, 1.00, 'h', 1, 1, 6, 2, 2, 1, 8, 1, 11, 2020),
(334, 'Contas a Pagar - Alterar Títulos - Documento e Data de emissão', 3.00, 1.33, 'h', 1, 0, 11, 2, 2, 1, 8, 1, 11, 2020),
(335, 'Contas a Receber - Alterar Títulos - Documento e Data de emissão', 3.00, 1.00, 'h', 1, 0, 11, 2, 2, 1, 8, 1, 11, 2020),
(336, 'Gerenciador de Formulários - Ordem de pagamento - CNPJ do fornecedor', 1.00, 0.50, 'h', 1, 0, 6, 2, 2, 1, 10, 1, 11, 2020),
(337, 'Títulos a Receber - Consulta - Atualizado boleto', 3.00, 2.75, 'h', 1, 1, 1, 2, 2, 1, 8, 1, 11, 2020),
(338, 'Integração do Status da Cota - BackOffice para Condomínio', 5.00, 5.00, 'h', 1, 0, 6, 2, 2, 1, 11, 1, 11, 2020),
(339, 'Manutenção de lançamento em conta corrente - Criar relacionamento das transferências', 3.00, 3.00, 'h', 1, 0, 11, 2, 2, 1, 8, 1, 11, 2020),
(340, 'PDV Pensões - Demonstrar Quantidade de UH', 3.00, 5.50, 'h', 1, 0, 1, 2, 2, 2, 12, 1, 11, 2020),
(341, 'PDV Pensões - Bloquear consumo', 3.00, 3.75, 'h', 1, 0, 1, 2, 2, 2, 12, 1, 11, 2020),
(342, 'Cadastro conciliação de cartões - Seção de cartão', 2.00, 3.00, 'h', 1, 0, 1, 2, 2, 1, 8, 1, 11, 2020),
(343, 'Levantamento de arquivos necessários para servidores e clientes do Back e PDV - Pt2', 21.00, 13.00, 'h', 1, 0, 11, 1, 2, 1, 1, 2, 11, 2020),
(344, 'Contas a Receber - Agrupar títulos de cartões', 1.00, 0.50, 'h', 1, 0, 6, 1, 4, 1, 8, 2, 11, 2020),
(345, '[Estudo] Manutenção de lançamento contábeis - Regra da alteração', 8.00, 13.00, 'h', 1, 0, 6, 1, 2, 1, 5, 2, 11, 2020),
(346, 'Configurações Contábeis - Estorno - Movimentações de estoque', 1.00, 0.50, 'h', 1, 0, 6, 1, 2, 1, 4, 2, 11, 2020),
(347, 'Contabilização - Tratamento da exclusão dos estornos', 13.00, 10.00, 'h', 1, 0, 9, 1, 2, 1, 5, 2, 11, 2020),
(348, 'Contabilização - Movimentações de Estoque - Estornos', 1.00, 1.00, 'h', 1, 1, 9, 1, 2, 1, 5, 2, 11, 2020),
(349, 'Gerenciar Nota Fiscal de Entrada - Contabilização ao alterar e cancelar nota fiscal', 1.00, 1.00, 'h', 1, 1, 9, 1, 3, 1, 5, 2, 11, 2020),
(350, 'Configurações Contábeis - Estorno - Baixas e estorno de baixas', 1.00, 0.50, 'h', 1, 0, 6, 1, 2, 1, 4, 2, 11, 2020),
(351, 'Contas a pagar - Ligação da Estorno com a Baixa', 8.00, 1.25, 'h', 1, 0, 6, 1, 2, 1, 8, 2, 11, 2020),
(352, 'Contas a receber - Ligação da Estorno com a Baixa', 8.00, 1.25, 'h', 1, 0, 6, 1, 2, 1, 8, 2, 11, 2020),
(353, 'Contabilização - Estorno de baixas contas a pagar', 13.00, 13.00, 'h', 1, 0, 9, 1, 3, 1, 5, 2, 11, 2020),
(354, 'Contabilização - Estorno de baixas contas a receber', 5.00, 5.00, 'h', 1, 0, 9, 1, 3, 1, 5, 2, 11, 2020),
(355, 'Contabilização Contas a Pagar - Regra exclusão do Contábil 4.1 na alteração do título', 1.00, 2.00, 'h', 1, 2, 9, 1, 3, 1, 5, 2, 11, 2020),
(356, 'Contabilização Contas a Receber - Regra exclusão do Contábil 4.1 na alteração do título', 1.00, 1.00, 'h', 1, 0, 9, 1, 3, 1, 5, 2, 11, 2020),
(357, 'Configurações Contábeis - Controle de período contábil pelo gerencia contábil', 3.00, 3.00, 'h', 1, 1, 7, 1, 3, 1, 4, 2, 11, 2020),
(358, 'Período Contábil - Controle de período contábil pelo gerencia contábil', 8.00, 12.15, 'h', 1, 2, 7, 1, 3, 1, 4, 2, 11, 2020),
(359, 'Configurações Contábeis - Tabela contábil para Hóspedes na casa', 1.00, 1.00, 'h', 1, 0, 7, 1, 2, 1, 4, 2, 11, 2020),
(360, 'Identificar SCP', 1.00, 1.33, 'h', 1, 1, 6, 1, 2, 1, 9, 2, 11, 2020),
(361, 'EFD Contribuições - Parâmetros de geração SCP', 2.00, 1.50, 'h', 1, 0, 6, 1, 2, 1, 9, 2, 11, 2020),
(362, 'Geração Registro 0035', 8.00, 7.00, 'h', 1, 1, 6, 1, 2, 1, 9, 2, 11, 2020),
(363, 'Alterar método inserir delivery', 13.00, 6.00, 'h', 1, 1, 7, 1, 2, 3, 12, 2, 11, 2020),
(364, 'Métodos para integração Oi Menu - Pedidos pendentes', 21.00, 16.00, 'h', 1, 0, 11, 1, 2, 3, 12, 2, 11, 2020),
(365, 'Métodos para integração Oi Menu - Pedidos recebidos', 21.00, 15.50, 'h', 1, 0, 11, 1, 2, 3, 12, 2, 11, 2020),
(366, 'Desabilitar funcionalidade de Bloquear conta', 3.00, 2.50, 'h', 1, 1, 6, 1, 2, 2, 12, 2, 11, 2020),
(367, 'Habilitando botões de fechamento independente do status', 3.00, 3.00, 'h', 1, 0, 6, 1, 2, 2, 12, 2, 11, 2020),
(368, 'Novo Delivery carregar pedidos', 8.00, 5.50, 'h', 1, 1, 6, 1, 2, 2, 12, 2, 11, 2020),
(369, 'PDV Delivery - Busca CEP Complemento', 1.00, 0.50, 'h', 1, 0, 6, 1, 2, 2, 12, 2, 11, 2020),
(370, 'Pedidos funcionalidade de marcação', 2.00, 1.00, 'h', 1, 0, 6, 1, 2, 1, 3, 2, 11, 2020),
(371, 'Erro na sincronização do cancelamento', 13.00, 11.25, 'h', 1, 0, 1, 1, 2, 1, 9, 2, 11, 2020),
(372, 'Fiscal - NF Entradas - Importação XML', 1.00, 1.00, 'h', 1, 0, 7, 2, 2, 1, 9, 2, 11, 2020),
(373, 'Operadora Meu delivery somente permitir adicionar itens no status Pendente', 3.00, 2.50, 'h', 1, 0, 7, 2, 2, 2, 12, 2, 11, 2020),
(374, 'Documento Fiscal - Inf. Complementares autorização Cartão - SAT', 3.00, 3.00, 'h', 1, 0, 7, 2, 2, 2, 12, 2, 11, 2020),
(375, 'Remessa CNAB Sicredi - Nomenclatura de Arquivo (ocorre em out/nov/dez)', 5.00, 5.50, 'h', 1, 0, 7, 2, 2, 1, 8, 2, 11, 2020),
(376, 'Contabilização transf entre contas - Regra exclusão do Contábil', 1.00, 2.00, 'h', 1, 1, 9, 1, 2, 1, 5, 1, 12, 2020),
(377, 'Configurações Contábeis - Estorno - Apurações fiscais e Depreciação', 1.00, 1.00, 'h', 1, 0, 11, 1, 2, 1, 4, 1, 12, 2020),
(378, 'Apuração ISSQN - Contabilização - Regra exclusão do Contábil ao excluir apuração oficial', 2.00, 1.00, 'h', 1, 0, 9, 1, 2, 1, 5, 1, 12, 2020),
(379, 'Apuração ICMS - Contabilização - Regra exclusão do Contábil ao excluir apuração oficial', 2.00, 0.50, 'h', 1, 0, 9, 1, 2, 1, 5, 1, 12, 2020),
(380, 'Apuração PIS/Cofins - Contabilização - Regra exclusão do Contábil ao excluir apuração oficial', 2.00, 1.00, 'h', 1, 0, 9, 1, 2, 1, 5, 1, 12, 2020),
(381, 'Apuração IPI - Contabilização - Regra exclusão do Contábil ao excluir apuração oficial', 2.00, 1.00, 'h', 1, 0, 9, 1, 2, 1, 5, 1, 12, 2020),
(382, 'Ativo Imobilizado - Depreciação - Regra exclusão do Contábil ao excluir contabilizar', 2.00, 1.50, 'h', 1, 1, 9, 1, 2, 1, 5, 1, 12, 2020),
(383, 'Contabilidade - Processos - Manutenção de Lançamentos - Status Pendente exclusão e Excluído automaticamente', 5.00, 6.50, 'h', 1, 0, 11, 1, 2, 1, 5, 1, 12, 2020),
(384, 'Reprocessamento Contábil - Status Pendente exclusão e Excluído automaticamente - Exceto estorno baixa', 13.00, 7.00, 'h', 1, 1, 9, 1, 2, 1, 5, 1, 12, 2020),
(385, 'Reprocessamento Contábil - Status Pendente exclusão e Excluído automaticamente - Estorno baixa financeiro', 8.00, 3.00, 'h', 1, 0, 9, 1, 2, 1, 5, 1, 12, 2020),
(386, 'Reprocessamento Contábil - Hóspedes na casa', 3.00, 3.00, 'h', 1, 0, 9, 1, 2, 1, 5, 1, 12, 2020),
(387, 'Contabilização - Hóspedes na casa - Configuração de tabelas', 8.00, 10.00, 'h', 1, 0, 9, 1, 2, 1, 5, 1, 12, 2020),
(388, 'Contabilização - Hóspedes na casa - Contabilização', 5.00, 4.00, 'h', 1, 1, 9, 1, 2, 1, 5, 1, 12, 2020),
(389, 'PDV - Vincular identificação de cartão a conta avulsa aberta', 5.00, 11.17, 'h', 1, 1, 1, 1, 2, 2, 12, 1, 12, 2020),
(390, 'iPDV - Vincular identificação de cartão a conta avulsa aberta', 8.00, 7.50, 'h', 1, 1, 1, 1, 2, 3, 12, 1, 12, 2020),
(391, 'NF Saída e Entrada- Criar aba SCP', 2.00, 3.50, 'h', 1, 0, 11, 1, 2, 1, 9, 1, 12, 2020),
(392, 'Importação de títulos - Sistema Condomínio - Permitir exclusão', 2.00, 3.33, 'h', 1, 0, 11, 1, 2, 1, 11, 1, 12, 2020),
(393, 'Importação de títulos - Sistema Condomínio - Envio de e-mail automático', 1.00, 1.50, 'h', 1, 0, 6, 1, 2, 1, 11, 1, 12, 2020),
(394, 'Integração do Boleto - BackOffice para Condomínio - Gravar na fila', 2.00, 2.25, 'h', 1, 0, 6, 1, 2, 1, 11, 1, 12, 2020),
(395, 'Integração do Boleto - BackOffice para Condomínio - Envio', 5.00, 10.00, 'h', 1, 0, 6, 1, 2, 1, 11, 1, 12, 2020),
(396, 'Manutenção de lançamento contábeis - Regra da alteração', 5.00, 10.00, 'h', 1, 1, 6, 1, 2, 1, 5, 1, 12, 2020),
(397, 'Manutenção de lançamento contábeis - Mensagem ao imprimir', 2.00, 1.75, 'h', 1, 0, 11, 1, 2, 1, 5, 1, 12, 2020),
(398, 'EFD Contribuições - Geração movimento SCPs', 13.00, 11.50, 'h', 1, 1, 11, 1, 2, 1, 9, 1, 12, 2020),
(399, '[Estudo] Apuração PIS/COFINS - Demonstrar e apurar SCPs', 8.00, 7.00, 'h', 1, 0, 7, 1, 2, 1, 9, 1, 12, 2020),
(400, 'Apuração PIS/COFINS - Demonstrar e apurar SCPs', 21.00, 14.00, 'h', 1, 1, 11, 1, 2, 1, 9, 1, 12, 2020),
(401, 'Configurações Ambiente - Não bloquear Venda a prazo para clientes com títulos vencidos não agrupados', 2.00, 2.33, 'h', 1, 0, 1, 1, 2, 1, 4, 1, 12, 2020),
(402, 'TEF WiFi - Levar dados para iPDV', 13.00, 12.50, 'h', 1, 0, 7, 1, 2, 3, 12, 1, 12, 2020),
(403, 'TEF WiFi - Recalcular Valores do Fechamento', 21.00, 37.00, 'h', 1, 1, 7, 1, 2, 3, 12, 1, 12, 2020),
(404, 'PDV - Delivery - Permitir cadastrar pessoa jurídica', 3.00, 3.50, 'h', 1, 1, 1, 1, 2, 2, 12, 1, 12, 2020),
(405, 'Contas a pagar - Reativar - Processo não conclui', 2.00, 1.50, 'h', 1, 2, 11, 1, 2, 1, 8, 1, 12, 2020),
(406, 'Contas a receber - Reativar - Processo não conclui', 2.00, 1.50, 'h', 1, 0, 11, 1, 2, 1, 8, 1, 12, 2020),
(407, 'Cadastro Pessoa - Administradora de Cartão - Parcelamento - Prazo de pagamento', 1.00, 1.00, 'h', 1, 0, 6, 1, 2, 1, 2, 1, 12, 2020),
(408, 'Contas a receber - Lançar - Vencimentos para títulos de cartões', 3.00, 3.00, 'h', 1, 0, 6, 1, 2, 1, 8, 1, 12, 2020),
(409, 'Gerar faturamento - Vencimentos para títulos de cartões', 3.00, 3.00, 'h', 1, 0, 6, 1, 2, 1, 8, 1, 12, 2020),
(410, 'Categoria de Venda por Item - Atributo clonar item', 3.00, 2.25, 'h', 1, 0, 11, 2, 2, 1, 2, 1, 12, 2020),
(411, 'Contabilização - Hóspedes na casa - Implementações tabela contábil', 5.00, 6.00, 'h', 1, 0, 9, 2, 2, 1, 5, 1, 12, 2020),
(412, 'Eventos - Integração conta Front Office', 8.00, 8.50, 'h', 1, 0, 1, 2, 2, 1, 7, 1, 12, 2020),
(413, 'Baixa de cartões não deve considerar % de Juros e Multas', 1.00, 1.00, 'h', 1, 0, 6, 2, 2, 1, 8, 1, 12, 2020),
(414, 'Baixa de cartões não deve considerar % de Juros e Multas', 1.00, 0.50, 'h', 1, 0, 6, 2, 2, 1, 8, 1, 12, 2020),
(415, 'Contas a Receber - Baixar Títulos - Recibo com valor duplicado', 1.00, 0.75, 'h', 1, 0, 6, 2, 2, 1, 8, 1, 12, 2020),
(416, 'Entrada Nota Fiscal - Ordem de pagamento sem registro da duplicata', 1.00, 0.75, 'h', 1, 0, 6, 2, 2, 1, 9, 1, 12, 2020),
(417, 'Relatório de Posição por Fornecedores - Conta contábil do fornecedor', 2.00, 1.50, 'h', 1, 0, 11, 2, 2, 1, 8, 1, 12, 2020),
(418, 'Configurações Financeiro - Aba Geral - Gerar títulos na conferência de caixa', 2.00, 2.50, 'h', 1, 0, 6, 2, 2, 1, 4, 1, 12, 2020),
(419, 'Separar faturamento de clientes e de cartões', 3.00, 5.50, 'h', 1, 0, 6, 2, 2, 1, 8, 1, 12, 2020),
(420, 'PDV - Delivery - Contingencia', 5.00, 3.50, 'h', 1, 0, 6, 2, 2, 2, 12, 1, 12, 2020),
(421, 'Correção no Wizard de criação do serviço do Contas', 13.00, 12.50, 'h', 1, 0, 6, 2, 2, 2, 12, 2, 12, 2020),
(422, 'Manutenção de Lançamentos - Lançamentos com status Excluído integração', 1.00, 1.00, 'h', 1, 0, 9, 2, 2, 1, 5, 2, 12, 2020),
(423, 'Manutenção de Lançamentos - Lançamentos com status Excluído integração', 1.00, 1.00, 'h', 1, 0, 9, 2, 2, 1, 5, 2, 12, 2020),
(424, 'Reprocessamento Contábil - Lançamentos com status Excluído integração', 1.00, 1.00, 'h', 1, 0, 9, 2, 2, 1, 5, 2, 12, 2020),
(425, 'Apuração IPI - Validação de período contábil fechado', 1.00, 1.00, 'h', 1, 0, 9, 1, 2, 1, 5, 2, 12, 2020),
(426, 'Apuração PIS/Cofins - Excluir - Validação de período contábil fechado', 1.00, 1.00, 'h', 1, 0, 9, 1, 2, 1, 5, 2, 12, 2020),
(427, 'Apuração ICMS - Validação de período contábil fechado', 1.00, 1.00, 'h', 1, 0, 9, 1, 2, 1, 5, 2, 12, 2020),
(428, 'Apuração PIS/Cofins - Apurar - Validação de período contábil fechado', 1.00, 1.00, 'h', 1, 0, 9, 1, 2, 1, 5, 2, 12, 2020),
(429, 'Apuração ISSQN - Validação de período contábil fechado', 1.00, 1.00, 'h', 1, 0, 9, 1, 2, 1, 5, 2, 12, 2020),
(430, 'Ativo Imobilizado - Depreciação - Gerenciar - Validação da contabilização', 2.00, 2.00, 'h', 1, 0, 9, 1, 2, 1, 5, 2, 12, 2020),
(431, 'Contabilização - Agrupar contas a receber', 5.00, 5.50, 'h', 1, 0, 9, 1, 2, 1, 5, 2, 12, 2020),
(432, 'Contabilização - Desagrupar contas a receber', 5.00, 5.50, 'h', 1, 0, 9, 1, 2, 1, 5, 2, 12, 2020),
(433, 'API - Integrar movimentações de estoque', 13.00, 15.00, 'h', 1, 2, 11, 1, 2, 1, 11, 2, 12, 2020),
(434, 'Cadastro de Cliente - Geração de títulos no financeiro', 1.00, 0.75, 'h', 1, 0, 6, 1, 2, 1, 2, 2, 12, 2020),
(435, 'Relatório Fluxo do Caixa - Previsão de faturamento', 13.00, 24.00, 'h', 1, 2, 6, 1, 2, 1, 8, 2, 12, 2020),
(436, 'Relatório Fluxo do Caixa - Sintético Previsto visão por Plano financeiro', 34.00, 45.50, 'h', 1, 0, 6, 1, 2, 1, 8, 2, 12, 2020),
(437, 'iPDV - Buscar conta hotel por digitação - Configuração', 1.00, 2.00, 'h', 1, 0, 7, 1, 2, 3, 12, 2, 12, 2020),
(438, 'iPDV - Buscar conta hotel por digitação', 21.00, 12.50, 'h', 1, 1, 7, 1, 2, 3, 12, 2, 12, 2020),
(439, 'IntegracaoPedidos - Integração sistema Box Delivery', 13.00, 40.33, 'h', 1, 0, 11, 1, 2, 1, 11, 2, 12, 2020),
(440, 'TEF WiFi - Retirar obrigatoriedade de estação exclusiva', 13.00, 15.00, 'h', 1, 0, 8, 2, 2, 3, 12, 2, 12, 2020),
(441, 'API - Disponibilizar dados dos Produtos', 13.00, 16.50, 'h', 1, 2, 11, 2, 2, 1, 11, 2, 12, 2020),
(442, 'Redução Z - Bloquear Emissão da Redução Z com Impressora Fiscal sem Redução Z', 1.00, 1.50, 'h', 1, 0, 1, 2, 2, 2, 12, 2, 12, 2020),
(443, 'Redução Z - Emissão da Redução Z ignorar ecf atual na validação', 2.00, 2.00, 'h', 1, 0, 1, 2, 2, 2, 12, 2, 12, 2020),
(444, 'PDV - Conta aberta - Integração Front Office (Casa Grande)', 13.00, 13.00, 'h', 1, 0, 8, 2, 2, 2, 12, 2, 12, 2020),
(445, 'Receber adiantamento a prazo', 3.00, 3.00, 'h', 1, 0, 12, 2, 2, 1, 8, 2, 12, 2020),
(446, 'Conferência de Caixa - Manutenção na quantidade de parcelas', 5.00, 5.00, 'h', 1, 0, 12, 2, 2, 1, 10, 2, 12, 2020),
(447, 'PDV - Cupom com Divergência', 21.00, 24.00, 'h', 1, 1, 8, 2, 2, 2, 12, 2, 12, 2020),
(448, 'Gerar faturamento - Número da NFS-e', 8.00, 9.25, 'h', 1, 1, 11, 1, 2, 1, 8, 1, 1, 2021),
(449, 'Operadora Delivery - Integração sistema Box Delivery', 1.00, 5.00, 'h', 1, 0, 11, 1, 2, 2, 12, 1, 1, 2021),
(450, 'IntegracaoPedidos - Integração sistema Box Delivery parte 2', 13.00, 21.10, 'h', 1, 2, 11, 1, 2, 1, 11, 1, 1, 2021),
(451, 'Reprocessamento Contábil - Registros de apuração com status Excluído automaticamente', 5.00, 3.50, 'h', 1, 0, 9, 1, 2, 1, 5, 1, 1, 2021),
(452, 'Manutenção de lançamentos - Validação do período contábil', 3.00, 3.00, 'h', 1, 0, 9, 1, 2, 1, 5, 1, 1, 2021),
(453, 'Manutenção de lançamentos - Efetivação de registros Pendente de Exclusão', 1.00, 1.00, 'h', 1, 0, 9, 1, 2, 1, 5, 1, 1, 2021),
(454, 'Configuração Grupo de cobrança para adiantamento', 2.00, 0.50, 'h', 1, 0, 1, 1, 4, 1, 4, 1, 1, 2021),
(455, 'Gerar faturamento parcelado', 13.00, 32.00, 'h', 1, 2, 1, 1, 4, 1, 8, 1, 1, 2021),
(456, 'Alerta de pendências', 2.00, 1.00, 'h', 1, 0, 12, 1, 2, 1, 10, 1, 1, 2021),
(457, 'Ajustar consulta avançada', 2.00, 1.17, 'h', 1, 0, 12, 1, 2, 1, 8, 1, 1, 2021),
(458, 'Desabilitar reativar', 2.00, 1.50, 'h', 1, 0, 12, 1, 3, 1, 8, 1, 1, 2021),
(459, 'Criar estrutura relation', 2.00, 1.00, 'h', 1, 0, 12, 1, 2, 1, 8, 1, 1, 2021),
(460, 'Enviar baixa única', 8.00, 8.00, 'h', 1, 0, 12, 1, 2, 1, 8, 1, 1, 2021),
(461, 'Enviar baixa agrupada', 3.00, 6.00, 'h', 1, 1, 12, 1, 2, 1, 8, 1, 1, 2021),
(462, 'Validar saldo', 5.00, 8.00, 'h', 1, 0, 12, 1, 4, 1, 8, 1, 1, 2021),
(463, 'Enviar estorno para front', 5.00, 2.00, 'h', 1, 0, 12, 1, 4, 1, 8, 1, 1, 2021),
(464, 'Enviar cancelamento para front', 5.00, 4.00, 'h', 1, 0, 12, 1, 4, 1, 8, 1, 1, 2021),
(465, 'Criar tela de manutenção da integração', 13.00, 10.50, 'h', 1, 1, 12, 1, 2, 1, 8, 1, 1, 2021),
(466, 'Fluxo de Caixa - Sintético Previsto/Realizado - Títulos cancelados e reativados', 2.00, 2.00, 'h', 1, 0, 6, 1, 2, 1, 8, 1, 1, 2021),
(467, 'Relatório Fluxo do Caixa - Sintético Previsto/Realizado visão por Plano financeiro', 34.00, 43.50, 'h', 1, 1, 6, 1, 2, 1, 8, 1, 1, 2021),
(468, 'CNAB Cobrança - Campo IDCEDENTE', 1.00, 1.00, 'h', 1, 0, 6, 1, 2, 1, 8, 1, 1, 2021),
(469, 'Delivery - Integrar Pedido sistema CJ Food', 21.00, 44.40, 'h', 1, 0, 11, 1, 2, 2, 12, 1, 1, 2021),
(470, 'Movimento de Saída - Fechamento no Front X Estabelecimento Back', 8.00, 11.00, 'h', 1, 0, 11, 1, 2, 1, 9, 1, 1, 2021),
(471, 'PDV - Unificar telas de Identificação de conta (Integração Front)', 21.00, 41.00, 'h', 1, 1, 7, 1, 2, 2, 12, 1, 1, 2021),
(472, 'Gravar na FILAINTEGRACAO a ocorrência da PARCELAOPERACAO', 8.00, 8.00, 'h', 1, 1, 12, 2, 2, 1, 11, 1, 1, 2021),
(473, 'PDV - Conferência cega (Noma e Lugano)', 2.00, 2.50, 'h', 1, 0, 11, 2, 2, 2, 12, 1, 1, 2021),
(474, 'Servidor API - Implementar método de Autenticação', 21.00, 20.00, 'h', 1, 0, 11, 2, 2, 1, 1, 1, 1, 2021),
(475, 'Ao gerar o faturamento não agrupar adiantamentos', 5.00, 5.50, 'h', 1, 1, 1, 2, 4, 1, 8, 1, 1, 2021),
(476, 'Manutenção de Lançamentos - Cancelamento da contabilização', 5.00, 3.00, 'h', 1, 0, 9, 2, 2, 1, 5, 1, 1, 2021),
(477, 'PDV - Considerar Observações Privadas e Públicas', 3.00, 3.00, 'h', 1, 0, 7, 2, 2, 2, 12, 1, 1, 2021),
(478, 'Bloquear baixa se existirem registros não sincronizados', 2.00, 1.50, 'h', 1, 0, 12, 2, 2, 1, 8, 1, 1, 2021),
(479, 'Bloquear cancelamento se existirem registros não sincronizados', 2.00, 1.50, 'h', 1, 0, 12, 2, 2, 1, 8, 1, 1, 2021),
(480, 'Bloquear estorno da baixa se existirem registros não sincronizados', 2.00, 1.50, 'h', 1, 0, 12, 2, 2, 1, 8, 1, 1, 2021),
(481, 'TEF WiFi - Ambiente', 34.00, 49.00, 'h', 1, 0, 8, 2, 2, 3, 12, 1, 1, 2021),
(482, 'Eventos - Campos a serem adicionados no RTM', 8.00, 8.00, 'h', 1, 1, 6, 2, 2, 1, 7, 1, 1, 2021),
(483, 'IPDV - Lançamento para cartão vinculado a hospede com mais de uma conta', 2.00, 2.00, 'h', 1, 0, 7, 2, 2, 3, 12, 1, 1, 2021),
(484, 'Reprocessamento Contábil - Contabilização de faturamento - Duplicidade de registros', 3.00, 1.00, 'h', 1, 0, 9, 2, 2, 1, 5, 1, 1, 2021),
(485, 'Cadastro de Itens - Clonar', 3.00, 5.75, 'h', 1, 0, 1, 2, 2, 1, 2, 1, 1, 2021),
(486, 'Enviar baixa CNAB', 8.00, 0.25, 'h', 1, 0, 1, 1, 3, 1, 8, 2, 1, 2021),
(487, 'Contas a Receber - Origem - Adiantamento a prazo front - Mensagem no cancelamento', 3.00, 3.00, 'h', 1, 0, 1, 1, 2, 1, 8, 2, 1, 2021),
(488, 'Auditoria - Gerenciador de Auditoria - Criar Método do Back office - 02', 8.00, 6.00, 'h', 1, 0, 12, 1, 2, 1, 11, 2, 1, 2021),
(489, 'Abertura de Caixa - Validar servidor on-line e data da auditoria', 3.00, 7.00, 'h', 1, 0, 12, 1, 2, 2, 12, 2, 1, 2021),
(490, 'Relatórios Cupons Fiscais - Operação de caixa - Transferência para Front', 2.00, 1.50, 'h', 1, 0, 12, 1, 2, 1, 10, 2, 1, 2021),
(491, 'PDV - Identificar conta hotel quando TEF WiFi', 8.00, 6.50, 'h', 1, 0, 1, 1, 2, 2, 12, 2, 1, 2021),
(492, 'PDV - Fechar conta do TEF WiFi com forma de pagamento hotel', 8.00, 15.00, 'h', 1, 0, 7, 1, 2, 2, 12, 2, 1, 2021),
(493, 'Formas de Pagamento - iPDV/TEF WiFi', 13.00, 17.00, 'h', 1, 2, 7, 1, 2, 1, 2, 2, 1, 2021),
(494, 'Validar data auditoria na abertura caixa TEF-Wifi', 5.00, 6.50, 'h', 1, 1, 7, 2, 2, 2, 12, 2, 1, 2021),
(495, 'Criar um enumerador Front office', 5.00, 6.50, 'h', 1, 1, 6, 1, 2, 1, 10, 2, 1, 2021),
(496, 'Criar nova aba Cartões', 8.00, 10.00, 'h', 1, 0, 6, 1, 2, 1, 10, 2, 1, 2021),
(497, 'Criar nova aba Usuários', 5.00, 7.00, 'h', 1, 0, 6, 1, 2, 1, 10, 2, 1, 2021),
(498, 'Criar nova aba Formas de Pagamento', 5.00, 7.00, 'h', 1, 0, 6, 1, 2, 1, 10, 2, 1, 2021),
(499, 'Integração de adiantamento a prazo - Desbravador 5.0 - Cancelamento', 8.00, 7.50, 'h', 1, 1, 1, 2, 2, 1, 11, 2, 1, 2021),
(500, 'Eventos - Totalizador dos campos de formato valor', 3.00, 2.50, 'h', 1, 0, 11, 1, 2, 1, 7, 2, 1, 2021),
(501, 'Eventos - Campo Data Proposta', 3.00, 3.25, 'h', 1, 0, 11, 1, 2, 1, 7, 2, 1, 2021),
(502, 'Eventos - Observação do Item', 2.00, 4.00, 'h', 1, 0, 11, 1, 2, 1, 7, 2, 1, 2021),
(503, 'Desenvolver aplicativo de Integração com outros FrontOffice', 21.00, 16.00, 'h', 1, 0, 4, 1, 2, 1, 11, 2, 1, 2021),
(504, 'Integração data do caixa no fechamento', 13.00, 5.50, 'h', 1, 0, 12, 2, 2, 1, 11, 2, 1, 2021),
(505, 'Integração data do caixa no cancelamento do fechamento', 5.00, 1.50, 'h', 1, 0, 12, 2, 2, 1, 11, 2, 1, 2021),
(506, 'Integração do PDV/LDV para Front', 3.00, 5.00, 'h', 1, 0, 12, 2, 2, 1, 11, 2, 1, 2021),
(507, 'Eventos - Observação do Cardápio', 3.00, 3.50, 'h', 1, 0, 11, 2, 2, 1, 7, 2, 1, 2021),
(508, 'Importação de títulos - Condomínio - Gerar boleto e Disponibilizar envio de e-mail', 3.00, 5.00, 'h', 1, 0, 6, 2, 2, 1, 11, 2, 1, 2021),
(509, 'Fluxo de Caixa - Saldo inicial e títulos alterados', 3.00, 1.67, 'h', 1, 0, 6, 1, 2, 1, 8, 1, 2, 2021),
(510, 'Relatório de Conferência de Caixa - Apresentar número da NFS-e', 3.00, 2.00, 'h', 1, 0, 12, 1, 3, 1, 10, 1, 2, 2021),
(511, 'Conferência de Caixa - Número da nota fiscal de serviço', 3.00, 2.50, 'h', 1, 0, 12, 1, 3, 1, 10, 1, 2, 2021),
(512, 'Grupo de Cobrança - Parcelas - A negociar', 1.00, 1.00, 'h', 1, 0, 1, 1, 2, 1, 8, 1, 2, 2021),
(513, 'Conferência de Caixa - Gerar faturamento - A negociar', 5.00, 1.00, 'h', 1, 0, 1, 1, 4, 1, 8, 1, 2, 2021),
(514, 'Gerar faturamento - A negociar - Interface tela', 13.00, 13.25, 'h', 1, 0, 1, 1, 4, 1, 8, 1, 2, 2021),
(515, 'Gerar faturamento - A negociar - Aplicação', 13.00, 16.00, 'h', 1, 0, 1, 1, 4, 1, 8, 1, 2, 2021),
(516, 'Mapa Resumo de Impostos - Nota fiscal inutilizada somente na NFERETORNO', 2.00, 2.00, 'h', 1, 0, 11, 1, 4, 1, 9, 1, 2, 2021),
(517, 'Sincronização do Fechamento do PDV - Registro na CUPOMSAT', 3.00, 1.50, 'h', 1, 0, 12, 1, 2, 2, 12, 1, 2, 2021),
(518, 'Mapa de Adiantamentos - Formatação de valores', 1.00, 0.50, 'h', 1, 0, 11, 1, 2, 1, 8, 1, 2, 2021),
(519, 'Relatório de Mapa de Adiantamento - Cortando valores', 2.00, 1.00, 'h', 1, 0, 12, 1, 2, 1, 8, 1, 2, 2021),
(520, 'Operações de caixa - Desabilitar descrição da operação de caixa', 1.00, 0.17, 'h', 1, 0, 6, 1, 2, 1, 8, 1, 2, 2021),
(521, 'CTE - Tipo de crédito/Base de cálculo de crédito/Operação de origem de crédito', 3.00, 2.00, 'h', 1, 1, 11, 1, 2, 1, 9, 1, 2, 2021),
(522, 'Conferência de caixa - Erro ao detalhar da forma de pagamento = Uso de crédito', 5.00, 3.17, 'h', 1, 0, 11, 1, 2, 1, 8, 1, 2, 2021),
(523, 'Cadastro de Itens - Permissão para inclusão por Categoria', 8.00, 12.50, 'h', 1, 0, 11, 1, 4, 1, 2, 1, 2, 2021),
(524, 'Estoque/Requisições - Alertar quando qtd requisitada maior que qtd disponível', 1.00, 0.67, 'h', 1, 0, 11, 1, 2, 1, 6, 1, 2, 2021),
(525, 'PDV - Informação de UH no Extrato de conta', 8.00, 5.50, 'h', 1, 1, 12, 1, 4, 2, 12, 1, 2, 2021),
(526, 'PDV - Informação de UH no Pedido de Consumo', 5.00, 2.50, 'h', 1, 1, 12, 1, 4, 2, 12, 1, 2, 2021),
(527, 'PDV - Relacionamento Perfil de desconto (Front) X Grupo de preço front (Back)', 13.00, 6.00, 'h', 1, 1, 12, 1, 2, 2, 12, 1, 2, 2021),
(528, 'PDV - Discriminar itens do Combo', 21.00, 32.50, 'h', 1, 2, 11, 1, 1, 2, 12, 1, 2, 2021),
(529, 'Cadastro de Itens - Discriminar itens Combo', 1.00, 1.00, 'h', 1, 0, 7, 1, 1, 1, 2, 1, 2, 2021),
(530, 'Efetivar Caixa - Fechamento no PDV com Agrupamento de Cartões', 5.00, 3.50, 'h', 1, 0, 6, 1, 2, 1, 8, 1, 2, 2021),
(531, 'Importação NF-e - Dividir Quantidades', 2.00, 0.67, 'h', 1, 0, 11, 1, 2, 1, 9, 1, 2, 2021),
(532, 'Contas a Pagar - Alterar Valor Bruto', 3.00, 2.00, 'h', 1, 0, 11, 1, 2, 1, 8, 1, 2, 2021),
(533, 'Contas a Receber - Alterar Valor Bruto', 1.00, 0.50, 'h', 1, 0, 11, 1, 2, 1, 8, 1, 2, 2021),
(534, 'Totalização Desconto na Capa da Nota Fiscal no Back', 8.00, 7.00, 'h', 1, 1, 11, 1, 2, 1, 9, 1, 2, 2021),
(535, 'Importação xml - Validação Quantidade de Itens do Pedido e Compra', 5.00, 12.00, 'h', 1, 0, 11, 1, 3, 1, 9, 1, 2, 2021),
(536, 'Cadastro de Contas correntes - Posto/Cedente/Convênio', 3.00, 1.67, 'h', 1, 0, 6, 1, 2, 1, 2, 1, 2, 2021),
(537, 'CNAB Pagamento - Novas expressões', 5.00, 4.50, 'h', 1, 0, 6, 1, 2, 1, 8, 1, 2, 2021),
(538, 'Leiaute de Boletos - Disponibilizar campo Posto', 5.00, 4.00, 'h', 1, 0, 6, 1, 2, 1, 8, 1, 2, 2021),
(539, 'Contas a Receber - Baixar parcial de títulos com valor zerado', 1.00, 0.50, 'h', 1, 0, 6, 1, 2, 1, 8, 1, 2, 2021),
(540, 'Contas a Pagar - Baixar parcial de títulos com valor zerado', 1.00, 0.50, 'h', 1, 0, 11, 1, 2, 1, 8, 1, 2, 2021),
(541, 'Importação de XML - Cadastrar fornecedores', 3.00, 5.00, 'h', 1, 0, 7, 1, 2, 1, 9, 1, 2, 2021),
(542, 'Emitir Nota Fiscal de Saída - Seção Tributação ISSQN', 2.00, 1.67, 'h', 1, 0, 11, 1, 2, 1, 9, 1, 2, 2021),
(543, 'PDV - Combo Integração Delivery', 13.00, 12.00, 'h', 1, 0, 7, 2, 2, 2, 12, 1, 2, 2021),
(544, 'PDV/TEF WiFi - Performance Fechamento Hotel com Cupom Fiscal', 8.00, 4.00, 'h', 1, 0, 8, 2, 2, 2, 12, 1, 2, 2021),
(545, 'iPDV/TEF WiFi - Desconto na conta hóspede', 1.00, 1.00, 'h', 1, 0, 7, 2, 2, 3, 12, 1, 2, 2021),
(546, 'Infcompl de XML para mais de uma forma de pagamento', 3.00, 3.00, 'h', 1, 0, 7, 2, 2, 1, 9, 1, 2, 2021),
(547, 'Duplicidade de Títulos de Cartões na efetivação de Caixa', 8.00, 7.00, 'h', 1, 0, 1, 2, 2, 1, 8, 1, 2, 2021),
(548, 'Retenções - Valor Imposto Retido', 2.00, 3.00, 'h', 1, 0, 11, 2, 2, 1, 9, 1, 2, 2021),
(549, 'Sincronização de operações do PDV/Front - Bloqueio quando estoque fechado', 2.00, 3.00, 'h', 1, 0, 11, 2, 2, 2, 12, 1, 2, 2021),
(550, 'Configuração Ambiente - Impressão do atendente', 1.00, 0.50, 'h', 1, 0, 1, 2, 4, 1, 4, 1, 2, 2021),
(551, 'Observações do Cupom Fiscal - Atendente', 5.00, 5.00, 'h', 1, 0, 1, 2, 4, 2, 12, 1, 2, 2021),
(552, 'PDV - Novo tipo de Estação = Remota', 34.00, 43.00, 'h', 1, 0, 12, 2, 2, 2, 12, 1, 2, 2021),
(553, 'Serviço estação - Enviar para fila de impressão o cupom', 8.00, 10.00, 'h', 1, 0, 7, 2, 2, 2, 12, 1, 2, 2021),
(554, 'Impressão de Cupom através de fila', 21.00, 23.00, 'h', 1, 0, 7, 2, 2, 2, 12, 1, 2, 2021),
(555, 'iPDV/TEF WiFi - Mesa com mais de um cartão com conta identificada', 5.00, 5.00, 'h', 1, 1, 8, 2, 2, 3, 12, 1, 2, 2021),
(556, 'iPDV - Concorrência com Envio pelo Carrinho - Erro status conta', 13.00, 7.00, 'h', 1, 0, 7, 2, 2, 3, 12, 1, 2, 2021),
(557, 'iPDV/TEF WiFi - Falha ao voltar para consumo quando estiver no extrato', 5.00, 5.00, 'h', 1, 0, 7, 2, 2, 3, 12, 1, 2, 2021),
(558, 'Implementar tela de monitoramento', 13.00, 11.00, 'h', 1, 0, 12, 2, 2, 2, 12, 1, 2, 2021),
(559, 'iPDV/TEF WiFi - Forma de pagamento - Transferência front com informações de cartão', 5.00, 5.00, 'h', 1, 0, 7, 2, 2, 3, 12, 1, 2, 2021),
(560, 'PDV Conta Hotel - Nova Consulta no Front na Troca de Identificação', 3.00, 3.00, 'h', 1, 0, 7, 2, 2, 2, 12, 1, 2, 2021),
(561, 'Relatório de Movimentação por Conta Financeira - Detalhamento', 8.00, 7.00, 'h', 1, 0, 11, 1, 2, 1, 8, 2, 2, 2021),
(562, 'Gerencial - Relatório de consumo por cliente (Noma)', 13.00, 11.50, 'h', 1, 0, 6, 1, 4, 1, 10, 2, 2, 2021),
(563, 'Contas a Pagar - Baixa Agrupada - Adiantamento de fornecedor', 3.00, 3.00, 'h', 1, 1, 11, 1, 2, 1, 8, 2, 2, 2021),
(564, 'Integração fechamentos do Front - Gravar o número do fechamento', 2.00, 1.00, 'h', 1, 0, 12, 1, 2, 1, 11, 2, 2, 2021),
(565, 'Gerar faturamento - Número do fechamento', 3.00, 2.50, 'h', 1, 1, 1, 1, 2, 1, 8, 2, 2, 2021),
(566, 'Gerenciador de Formulários - Fatura e Boleto - Número da NFS-e, valor doc fiscal e nmr fchto', 5.00, 5.50, 'h', 1, 0, 11, 1, 4, 1, 10, 2, 2, 2021),
(567, 'Títulos a Receber - Consulta - Número fechamento', 5.00, 3.00, 'h', 1, 0, 1, 1, 4, 1, 8, 2, 2, 2021),
(568, 'Gerar faturamento - Filtro data de fechamento', 2.00, 2.75, 'h', 1, 1, 1, 1, 2, 1, 8, 2, 2, 2021),
(569, 'Vendas por grupo de produto - Data de Caixa, Operação de caixa e Tipo de estação', 5.00, 7.00, 'h', 1, 0, 6, 1, 4, 1, 10, 2, 2, 2021),
(570, 'Relatório Consumo por cliente - Data de Caixa, Operação de caixa e Tipo de estação', 3.00, 4.50, 'h', 1, 0, 6, 1, 4, 1, 8, 2, 2, 2021),
(571, 'Relatório vendas por garçom/atendente - Data de Caixa, Operação de caixa e Tipo de estação', 3.00, 6.00, 'h', 1, 1, 6, 1, 4, 1, 10, 2, 2, 2021),
(572, 'PDV - Tamanho da Caixa de Texto no Lançamento da Observação do Pedido', 1.00, 1.00, 'h', 1, 0, 6, 1, 3, 2, 12, 2, 2, 2021),
(573, 'Permissões do PDV - Permissão Detalhada para Estorno de Produtos', 5.00, 9.75, 'h', 1, 0, 1, 1, 3, 1, 4, 2, 2, 2021),
(574, 'Consulta Cartão de Consumo - Mostrar Saldo Antes de Utilizar o Cartão', 5.00, 7.00, 'h', 1, 0, 11, 1, 4, 2, 12, 2, 2, 2021),
(575, 'Adiantamentos - Baixa / Estorno pela Data da Operação', 2.00, 1.50, 'h', 1, 0, 1, 1, 2, 1, 8, 2, 2, 2021),
(576, 'Títulos a Receber/Pagar - Atributo Outros - Nova Opção para Demonstrar Informações dos Títulos Agrupados', 5.00, 4.50, 'h', 1, 2, 6, 1, 2, 1, 8, 2, 2, 2021),
(577, 'Fiscal - Devolução Parcial de documentos de Saída', 34.00, 20.50, 'h', 1, 3, 7, 1, 2, 1, 9, 2, 2, 2021),
(578, 'Gravar no XML informações do cartão utilizado para pagamento', 5.00, 5.00, 'h', 1, 0, 1, 1, 4, 1, 9, 2, 2, 2021),
(579, 'PDV - Usuário/Funcionário fechamento para hotel', 8.00, 6.50, 'h', 1, 2, 7, 1, 2, 2, 12, 2, 2, 2021),
(580, 'PDV - Identificação de conta - Hóspede', 8.00, 9.33, 'h', 1, 1, 1, 1, 2, 2, 12, 2, 2, 2021),
(581, 'Verificar gravação dos campos', 13.00, 13.00, 'h', 1, 0, 12, 1, 4, 2, 12, 2, 2, 2021),
(582, 'Concorrência de Lançamento - Oscilação de rede no lançamento - Parte 2', 5.00, 3.00, 'h', 1, 0, 7, 1, 4, 2, 12, 2, 2, 2021),
(583, 'Concorrência de Lançamento - Oscilação de rede no lançamento ', 13.00, 12.00, 'h', 1, 0, 12, 1, 2, 2, 12, 2, 2, 2021),
(584, 'Relatório de Conferência de Caixa - Data movimento para adiantamentos do PDV', 3.00, 3.00, 'h', 1, 2, 6, 1, 2, 1, 10, 2, 2, 2021),
(585, 'Importação de XML - Cadastro de Relacionamento de Itens Fornecedores', 1.00, 5.75, 'h', 1, 0, 11, 1, 2, 1, 9, 2, 2, 2021),
(586, 'Performance - Contas a Receber - Baixa Agrupada', 21.00, 13.25, 'h', 1, 0, 1, 1, 2, 1, 8, 2, 2, 2021),
(587, 'Contas a Pagar - Consulta de Títulos Modalidade', 13.00, 12.20, 'h', 1, 0, 11, 1, 2, 1, 8, 2, 2, 2021),
(588, 'Suporte Técnico Online BackOffice', 8.00, 11.50, 'h', 1, 4, 2, 1, 2, 1, 1, 2, 2, 2021),
(589, 'IntegradorDelivery - Gravar log requisições Box Delivery', 5.00, 4.50, 'h', 1, 0, 11, 2, 2, 1, 11, 2, 2, 2021),
(590, 'iPDV/TEF WiFi - Imprimir Extrato de Conferencia de Conta pelo APP', 13.00, 9.00, 'h', 1, 1, 7, 2, 2, 3, 12, 2, 2, 2021),
(591, 'Configurações de Ambiente - Impressão - Responsável pela abertura de conta.', 1.00, 1.00, 'h', 1, 0, 7, 2, 2, 1, 4, 2, 2, 2021),
(592, 'Extrato para conferência - Responsável pela abertura de conta', 13.00, 12.00, 'h', 1, 0, 7, 2, 2, 3, 12, 2, 2, 2021),
(593, 'Ao fechar caixa validar pendências emissão cupom', 3.00, 1.00, 'h', 1, 0, 12, 2, 2, 2, 12, 2, 2, 2021),
(594, 'Ajustar timeout e validar emissão', 5.00, 3.50, 'h', 1, 0, 12, 2, 2, 2, 12, 2, 2, 2021),
(595, 'Integração PDV X Box Delivery - Tipo de veículo', 5.00, 5.00, 'h', 1, 0, 11, 2, 2, 1, 11, 2, 2, 2021),
(596, 'Integração PDV X Box Delivery - Tipo de veículo', 3.00, 3.50, 'h', 1, 0, 11, 2, 2, 1, 11, 2, 2, 2021),
(597, 'Permissões - PDV - Fechar caixa com pendências de integração', 1.00, 0.75, 'h', 1, 0, 1, 2, 2, 1, 2, 2, 2, 2021),
(598, 'Fechar caixa com pendência de integração - Validar permissão', 2.00, 2.00, 'h', 1, 0, 1, 2, 2, 2, 12, 2, 2, 2021),
(599, 'iPDV/TEF WiFi - CPF/CNPJ no documento', 5.00, 5.00, 'h', 1, 0, 7, 2, 2, 3, 12, 2, 2, 2021),
(600, 'iPDV / TEF WiFi - Disponibilizar Código de Barras do Item na API do iPDV', 1.00, 1.00, 'h', 1, 0, 7, 2, 2, 3, 12, 2, 2, 2021),
(601, 'Importação de XML - Cadastrar fornecedores - Nome fantasia não obrigatório', 1.00, 1.00, 'h', 1, 0, 1, 2, 2, 1, 9, 2, 2, 2021),
(602, 'Integração PDV X Front CM - Emissão do cupom fiscal', 5.00, 5.00, 'h', 1, 0, 7, 2, 2, 1, 11, 2, 2, 2021),
(603, 'Importação de XML - Habilitar campo origem nas informações do Item', 2.00, 1.00, 'h', 1, 0, 1, 2, 2, 1, 9, 2, 2, 2021),
(604, 'Fechamento de Delivery - CPF no Documento fiscal', 3.00, 3.00, 'h', 1, 0, 7, 2, 2, 2, 12, 2, 2, 2021),
(605, 'Validação dos valores da Redução Z - Operação de caixa - Transferência front', 2.00, 1.50, 'h', 1, 0, 1, 2, 2, 1, 9, 2, 2, 2021),
(606, 'Requisições - Itens com Equivalência', 2.00, 4.00, 'h', 1, 1, 11, 2, 2, 1, 6, 2, 2, 2021),
(607, 'Fechamento através do iPDV - TEF Wifi - Atualizar dados da conta', 8.00, 10.00, 'h', 1, 0, 7, 1, 2, 3, 12, 2, 2, 2021),
(608, 'Pré Fechar PDV -Desconto Cortesia', 8.00, 7.00, 'h', 1, 0, 1, 2, 2, 1, 9, 2, 2, 2021),
(609, 'Pedido de Compra - Inclusão de Itens em Novo Pedido Após Visualizar Pedido Aprovado', 2.00, 2.00, 'h', 1, 0, 7, 2, 2, 1, 3, 2, 2, 2021),
(610, 'Relatório Fluxo do Caixa - Visão por plano financeiro - Filtro de empresa', 3.00, 3.00, 'h', 1, 0, 6, 2, 2, 1, 8, 2, 2, 2021),
(611, 'Troca de mesa - Mensagem quando mesa de destino ocupada', 3.00, 2.50, 'h', 1, 0, 1, 2, 2, 2, 12, 2, 2, 2021),
(612, 'Bloquear conta ao imprimir extrato de conferencia de conta pelo APP', 3.00, 4.00, 'h', 1, 0, 6, 2, 2, 3, 12, 2, 2, 2021),
(613, 'Status de conta bloqueada', 3.00, 3.00, 'h', 1, 0, 7, 2, 2, 3, 12, 2, 2, 2021),
(614, 'Pedido de Compra - Inclusão de Itens em Novo Pedido Após Visualizar Pedido Aprovado', 2.00, 1.00, 'h', 1, 1, 7, 2, 2, 1, 3, 2, 2, 2021),
(615, 'Planilha de Cotação - Itens de Fornec sem Valor Un.Bruto Informado - Fornecedor x Item', 8.00, 13.75, 'h', 1, 0, 1, 2, 2, 1, 3, 2, 2, 2021),
(616, 'iPDV/TEF WiFi - Documento estrangeiro e Natureza pessoa', 8.00, 6.00, 'h', 1, 2, 12, 2, 2, 3, 12, 2, 2, 2021),
(617, 'Relatório Fluxo do Caixa - Visão por data - Filtro de empresa', 1.00, 1.00, 'h', 1, 0, 6, 2, 2, 1, 8, 2, 2, 2021),
(618, 'Relatório de Conferência do Caixa - Fechamentos por Forma de Pagamento - Ordenação', 1.00, 1.00, 'h', 1, 0, 11, 2, 2, 1, 10, 2, 2, 2021),
(619, 'Planilha de Cotação - Itens de Fornec sem Valor Un.Bruto Informado - Item x Fornecedor', 2.00, 1.00, 'h', 1, 0, 1, 2, 2, 1, 3, 2, 2, 2021),
(620, 'Fechamento de conta - Atualizar dados da conta', 8.00, 9.00, 'h', 1, 1, 12, 1, 4, 2, 12, 1, 3, 2021),
(621, 'Manutenção de Integração Frontoffice - Pendencias de Integração das Estações de PDV', 5.00, 7.00, 'h', 1, 0, 1, 1, 3, 2, 12, 1, 3, 2021),
(622, 'Manutenção de Integração Frontoffice - Migrar integração existente', 13.00, 11.00, 'h', 1, 0, 1, 1, 3, 2, 12, 1, 3, 2021),
(623, 'Manutenção de Integração Frontoffice - sincronização', 3.00, 7.00, 'h', 1, 0, 1, 1, 3, 2, 12, 1, 3, 2021),
(624, 'PDV - Processo de Fechamento da Conta Solicitar Integração Após a Sincronização', 3.00, 7.00, 'h', 1, 0, 1, 1, 3, 2, 12, 1, 3, 2021),
(625, 'PDV Integrações Pendentes - Avaliar Nova Estrutura', 5.00, 6.00, 'h', 1, 0, 1, 1, 3, 2, 12, 1, 3, 2021),
(626, 'Manutenção de Integração Frontoffice - Movimento de caixa', 5.00, 17.33, 'h', 1, 2, 1, 1, 3, 2, 12, 1, 3, 2021),
(627, 'Manutenção de Integração Frontoffice - fechar caixa', 13.00, 6.25, 'h', 1, 5, 1, 1, 3, 2, 12, 1, 3, 2021),
(628, 'Mapa Resumo de Impostos - Categoria nota fiscal', 3.00, 3.75, 'h', 1, 1, 11, 1, 3, 1, 9, 1, 3, 2021),
(629, 'PDV - Mensagens - Impressoras inativas', 2.00, 2.00, 'h', 1, 0, 7, 1, 3, 2, 12, 1, 3, 2021),
(630, 'Mapa de Reservas - Respeitar os Filtros para Demonstrar as Reservas', 3.00, 2.75, 'h', 1, 0, 6, 1, 4, 1, 7, 1, 3, 2021),
(631, 'Mapa de Reserva - Inclusão de Pré-Reserva', 13.00, 23.50, 'h', 1, 3, 11, 1, 3, 1, 7, 1, 3, 2021),
(632, 'PDV Cancelar Fechamento - Contas com Adiantamento', 1.00, 3.00, 'h', 1, 2, 6, 1, 3, 2, 12, 1, 3, 2021),
(633, 'PDV - Serviço de Estação - Monitor estação', 2.00, 2.00, 'h', 1, 0, 7, 1, 3, 2, 12, 1, 3, 2021),
(634, 'TEF Wifi - Emissão do SAT ao pedir documento do iPDV', 21.00, 10.00, 'h', 1, 0, 7, 1, 2, 3, 12, 1, 3, 2021),
(635, 'Títulos a Receber/Pagar - Atributo Outros - Nova Opção para Demonstrar Informações do Título Agrupador', 3.00, 3.50, 'h', 1, 2, 6, 1, 3, 1, 8, 1, 3, 2021),
(636, 'PDV Delivery - Finalizar Pedido sem Validar Quantidade de Pessoas da Conta', 2.00, 4.00, 'h', 1, 0, 7, 1, 3, 2, 12, 1, 3, 2021),
(637, 'Relatório Vendas com Abatimento/Desconto - Data de Caixa, Operação de caixa e Tipo de estação', 5.00, 4.67, 'h', 1, 1, 6, 1, 2, 1, 10, 1, 3, 2021),
(638, 'Relatório de Vendas com Cortesia - Data de Caixa, Operação de caixa e Tipo de estação', 5.00, 3.67, 'h', 1, 1, 6, 1, 2, 1, 10, 1, 3, 2021),
(639, 'Cadastro de Pessoas - Conta contábil do cliente/fornecedor/cedente', 5.00, 3.80, 'h', 1, 1, 11, 1, 2, 1, 2, 1, 3, 2021),
(640, 'Nota de Entrada - PIS e COFINS Validar se a CST Recupera Imposto', 2.00, 2.00, 'h', 1, 0, 11, 1, 2, 1, 9, 1, 3, 2021),
(641, 'Contas a Receber - Filtro de Cartão Vinculado a Pessoa', 2.00, 1.25, 'h', 1, 0, 6, 1, 2, 1, 8, 1, 3, 2021),
(642, 'Manutenção Fiscal - Devolução de Nota Fiscal de Entrada', 1.00, 1.50, 'h', 1, 0, 7, 1, 2, 1, 9, 1, 3, 2021),
(643, 'Reprocessamento Fiscal - Mensagem na Consulta com Filtro de NCM, Tipo item fiscal e Cod. lista serviço', 3.00, 2.25, 'h', 1, 0, 6, 1, 2, 1, 9, 1, 3, 2021),
(644, 'Vendas por imposto - Operação de caixa e Tipo de estação', 5.00, 5.33, 'h', 1, 1, 6, 1, 2, 1, 10, 1, 3, 2021),
(645, 'Relatório de Itens mais vendidos - Data de Caixa, Operação de caixa e Tipo de estação', 5.00, 3.67, 'h', 1, 0, 6, 1, 2, 1, 10, 1, 3, 2021),
(646, 'Relatório Média por Grupo/Item e Período - Operação de caixa e Tipo de estação', 5.00, 4.00, 'h', 1, 0, 6, 1, 2, 1, 10, 1, 3, 2021),
(647, 'Relatório de Vendas Canceladas - Operação de caixa e Tipo de estação', 5.00, 4.00, 'h', 1, 0, 6, 1, 2, 1, 10, 1, 3, 2021),
(648, 'Pessoa - Cadastro de Funcionário - Garçom/Maitre específico por empresa', 21.00, 14.50, 'h', 1, 0, 7, 1, 2, 1, 2, 1, 3, 2021),
(649, 'Consulta de Custos e Saldos - Quantidade e custo total - Multi empresa com preços diferentes', 1.00, 1.00, 'h', 1, 0, 6, 2, 2, 1, 6, 1, 3, 2021),
(650, 'PDV - Identificação de conta - Contas Associadas', 3.00, 3.00, 'h', 1, 0, 12, 2, 2, 2, 12, 1, 3, 2021),
(651, 'PDV - Identificação de conta - Ajustes gerais', 21.00, 25.00, 'h', 1, 1, 12, 2, 2, 2, 12, 1, 3, 2021),
(652, 'Serviço de contabilização agendado', 3.00, 3.00, 'h', 1, 0, 7, 2, 2, 1, 5, 1, 3, 2021),
(653, 'Relatório Fluxo do Caixa - Previsto e Realizado - Baixa e estorno de títulos', 8.00, 5.67, 'h', 1, 0, 6, 2, 2, 1, 8, 1, 3, 2021),
(654, 'Manutenção de Integração Frontoffice - sincronização fechamento de caixa', 3.00, 3.00, 'h', 1, 0, 1, 1, 3, 2, 12, 1, 3, 2021),
(655, 'Cadastro de Estação - Nova Configuração Somente Consulta de Saldo de Cartão de Consumo', 1.00, 1.00, 'h', 1, 0, 7, 2, 2, 1, 2, 1, 3, 2021),
(656, 'PDV - Consulta de Saldo de Cartão de Consumo', 3.00, 2.00, 'h', 1, 0, 7, 2, 2, 2, 12, 1, 3, 2021),
(657, 'Relatório Fluxo do Caixa - Parâmetros', 2.00, 2.00, 'h', 1, 0, 6, 2, 2, 1, 8, 1, 3, 2021),
(658, 'Cadastro de contas correntes - Natureza Outros', 2.00, 2.00, 'h', 1, 1, 11, 2, 2, 1, 2, 1, 3, 2021),
(659, 'Relatório Fluxo do Caixa - Natureza da conta corrente = Outros', 8.00, 7.50, 'h', 1, 1, 6, 2, 2, 1, 8, 1, 3, 2021),
(660, 'Desconto - Gravar informações de desconto no front', 5.00, 10.00, 'h', 1, 2, 7, 2, 2, 1, 11, 1, 3, 2021),
(661, 'PDV - Integração de identificação de consumo para Front', 8.00, 13.00, 'h', 1, 0, 12, 2, 2, 2, 12, 1, 3, 2021),
(662, 'Mapa Resumo de Impostos - Valor IPI e informações do cabeçalho', 5.00, 5.00, 'h', 1, 1, 11, 2, 2, 1, 9, 1, 3, 2021),
(663, 'PDV - Integração conta hotel - Direcionar pessoa para emissão documento fiscal', 1.00, 0.50, 'h', 1, 0, 12, 2, 2, 2, 12, 1, 3, 2021),
(664, 'Fechamento de conta particionado conta hotel e demais formas de pagamento', 13.00, 8.50, 'h', 1, 0, 12, 2, 2, 2, 12, 1, 3, 2021),
(665, 'SiTEF - Inclusão de parâmetro ParmsClient', 3.00, 6.00, 'h', 1, 0, 7, 2, 2, 2, 12, 1, 3, 2021),
(666, 'Servidor API - Apresentar cdempresa na mensagem apresentada', 8.00, 7.00, 'h', 1, 0, 8, 2, 2, 1, 1, 1, 3, 2021),
(667, 'iPDV - Identificação de conta hotel', 5.00, 7.00, 'h', 1, 1, 12, 2, 2, 3, 12, 1, 3, 2021),
(668, 'Configuração pedido multi fornecedor', 1.00, 1.00, 'h', 1, 0, 11, 1, 2, 1, 4, 2, 3, 2021),
(669, 'Planilha de Cotação - Gerar Pedido do Item para Diferentes Fornecedores', 13.00, 22.00, 'h', 1, 1, 11, 1, 2, 1, 3, 2, 3, 2021),
(670, 'Planilha de Cotação - Possibilitar Gerar Pedido de Compra por Prazo de Entrega', 21.00, 40.00, 'h', 1, 0, 11, 1, 2, 1, 3, 2, 3, 2021),
(671, 'Planilha de Cotação - Validações ', 21.00, 17.50, 'h', 1, 0, 6, 1, 2, 1, 3, 2, 3, 2021),
(672, 'Cadastro de pessoas - Caracter de quebra de linha', 3.00, 2.00, 'h', 1, 0, 2, 1, 2, 1, 1, 2, 3, 2021),
(673, 'Planilha de Cotação - Remover Campo CDPEDIDO - Impactos', 13.00, 8.00, 'h', 1, 0, 6, 1, 2, 1, 3, 2, 3, 2021),
(674, 'Relatório Fluxo do Caixa - Exportar CSV', 21.00, 21.50, 'h', 1, 0, 6, 1, 3, 1, 8, 2, 3, 2021),
(675, 'Sped fiscal - Versão 2021', 1.00, 0.50, 'h', 1, 0, 6, 1, 2, 1, 9, 2, 3, 2021),
(676, 'Configurações Ambiente - PAF-ECF - Fechamento automático de conta hotel', 1.00, 1.00, 'h', 1, 0, 7, 1, 4, 1, 4, 2, 3, 2021),
(677, 'Redução Z - Fechamento das contas hotel - Validar configuração', 3.00, 10.00, 'h', 1, 2, 7, 1, 4, 2, 12, 2, 3, 2021),
(678, 'Cadastro de Fornecedor - Conta contábil débito ', 2.00, 1.33, 'h', 1, 0, 6, 1, 4, 1, 2, 2, 3, 2021),
(679, 'Contabilização Contas a Pagar - Conta contábil débito para Fornecedor', 2.00, 2.00, 'h', 1, 0, 6, 1, 4, 1, 5, 2, 3, 2021),
(680, 'Cadastro de Fornecedor - Configuração ignorar contabilização do lançamento', 1.00, 0.50, 'h', 1, 0, 6, 1, 4, 1, 2, 2, 3, 2021),
(681, 'Contas a pagar - Lançar - Definição ignorar contabilização do lançamento do Fornecedor', 2.00, 1.17, 'h', 1, 0, 6, 1, 4, 1, 8, 2, 3, 2021),
(682, 'Relatório de Posição por Fornecedores - Conta contábil do cedente', 1.00, 1.00, 'h', 1, 0, 11, 1, 3, 1, 8, 2, 3, 2021),
(683, 'Integração PDV X Front CM - Identificação de conta', 1.00, 0.75, 'h', 1, 0, 1, 1, 3, 1, 11, 2, 3, 2021),
(684, 'Integração Contas PDV para Front Office', 13.00, 19.25, 'h', 1, 2, 1, 1, 4, 1, 11, 2, 3, 2021),
(685, 'PDV - Fechar Conta com Cobrança de Consumação e Taxa de Serviço ', 13.00, 10.50, 'h', 1, 0, 7, 1, 4, 2, 12, 2, 3, 2021),
(686, 'Fechamento Conta PDV - Validar Saldo de Adiantamento da Conta no Front Office', 3.00, 3.00, 'h', 1, 0, 1, 1, 3, 2, 12, 2, 3, 2021),
(687, 'Pré-Fechar Conta do PDV - Validar Saldo de Adiantamento da Conta no Front Office', 5.00, 4.50, 'h', 1, 1, 1, 1, 3, 2, 12, 2, 3, 2021),
(688, 'PDV - Validar Saldo de Adiantamento da Conta no Front Office na Venda Rápida', 2.00, 2.00, 'h', 1, 1, 1, 1, 3, 2, 12, 2, 3, 2021),
(689, 'Cadastro de Ambiente - Inclusão de Itens de Consumação com Valor Superior a 999,99', 1.00, 1.00, 'h', 1, 0, 6, 1, 3, 1, 2, 2, 3, 2021),
(690, 'PDV - Delivery Preços Específicos no PDV', 3.00, 5.50, 'h', 1, 1, 11, 1, 2, 2, 12, 2, 3, 2021),
(691, 'Mapa de Eventos - Filtro de Sala', 2.00, 1.00, 'h', 1, 0, 11, 1, 4, 1, 7, 2, 3, 2021),
(692, 'Cadastro de Retenções - Bloquear a Alteração de Retenções com Origem Documento Fiscal', 1.00, 0.17, 'h', 1, 0, 6, 1, 4, 1, 2, 2, 3, 2021),
(693, 'TEF WiFi - Estação de lançamento fechamento pelo TEF WiFi', 3.00, 4.50, 'h', 1, 1, 7, 1, 4, 3, 12, 2, 3, 2021),
(694, 'Estoque - Relatórios - Etiquetas Itens', 2.00, 2.00, 'h', 1, 0, 6, 1, 4, 1, 6, 2, 3, 2021),
(695, 'Identificação de conta - Leitura por dispositivo - Conversão de dados', 8.00, 14.00, 'h', 1, 1, 7, 1, 2, 2, 12, 2, 3, 2021),
(696, 'Integração do Boleto - BackOffice para Condomínio', 8.00, 11.50, 'h', 1, 2, 6, 1, 4, 1, 11, 2, 3, 2021),
(697, 'Gerenciar nota fiscal de saída - Número do titulo vinculado ao documento fiscal', 3.00, 3.00, 'h', 1, 0, 6, 1, 4, 1, 9, 2, 3, 2021),
(698, 'Importação XML - Habilitar Campo Série e Sub série', 1.00, 1.00, 'h', 1, 0, 7, 1, 3, 1, 9, 2, 3, 2021),
(699, 'Cadastro de Pessoas - Clonar endereço', 3.00, 9.00, 'h', 1, 0, 1, 1, 3, 1, 2, 2, 3, 2021),
(700, 'Consulta de Notas Fiscais - Operação de caixa 13', 2.00, 1.33, 'h', 1, 0, 6, 1, 2, 1, 9, 2, 3, 2021),
(701, 'Cadastro de Eventos - Ordenação Grid Sub-Abas', 1.00, 1.33, 'h', 1, 1, 6, 1, 3, 1, 2, 2, 3, 2021),
(702, 'Fechamento Caixa PDV - Conta Delivery Cancelado', 3.00, 4.50, 'h', 1, 0, 6, 1, 2, 2, 12, 2, 3, 2021),
(703, 'Integração PDV X Front Opera - Quantidade de parcelas', 2.00, 3.00, 'h', 1, 1, 1, 1, 2, 1, 11, 2, 3, 2021),
(704, 'PDV - Consulta de Saldo Cartão de Consumo', 5.00, 6.50, 'h', 1, 0, 11, 1, 2, 2, 12, 2, 3, 2021),
(705, 'Mapa de Reserva - Implementar os Atributos de Aprovar e Cancelar Evento', 5.00, 3.50, 'h', 1, 0, 11, 1, 3, 1, 7, 2, 3, 2021),
(706, 'Cadastro de Eventos - Habilitar Função de Visualizar e Clonar Eventos', 13.00, 6.22, 'h', 1, 1, 11, 1, 2, 1, 2, 2, 3, 2021),
(707, 'Contas/PDV/Backoffice - Disponibilizar consulta das contas para Front', 2.00, 0.25, 'h', 1, 0, 1, 1, 2, 1, 11, 2, 3, 2021),
(708, 'Relatório Fluxo do Caixa - Visão por Plano Financeiro - Filtro de Empresa para Valores Previstos', 8.00, 18.00, 'h', 1, 2, 6, 2, 2, 1, 8, 2, 3, 2021),
(709, 'Contas fechadas com lançamentos', 8.00, 4.00, 'h', 1, 0, 8, 2, 2, 2, 12, 2, 3, 2021),
(710, 'iPDV - Duplicidade de lançamento', 5.00, 9.50, 'h', 1, 0, 12, 2, 2, 3, 12, 2, 3, 2021),
(711, 'PDV - Erro AV em conta com Integração 4.5', 5.00, 5.00, 'h', 1, 0, 12, 2, 2, 2, 12, 2, 3, 2021),
(712, 'TEF WiFi/iPDV - Forma de pagamento não sendo enviada quando fechamento diferente de Conta Hotel - CM', 2.00, 2.00, 'h', 1, 0, 1, 2, 2, 1, 11, 2, 3, 2021),
(713, 'TEF WiFi/iPDV - Forma de pagamento não sendo enviada quando fechamento diferente de Conta Hotel - CM', 1.00, 0.25, 'h', 1, 1, 1, 2, 2, 1, 11, 2, 3, 2021),
(714, 'TEF WiFi/iPDV - Enviar Id da Forma de pagamento do DE-PARA como String - CM', 1.00, 0.50, 'h', 1, 0, 1, 2, 2, 1, 11, 2, 3, 2021),
(715, 'TEF WiFi/iPDV - Enviar Id da Forma de pagamento do DE-PARA como String - CM', 1.00, 0.17, 'h', 1, 1, 1, 2, 2, 1, 11, 2, 3, 2021),
(716, 'Redução Z - Alterar regra para Contas de Hotel', 2.00, 2.00, 'h', 1, 1, 7, 2, 2, 2, 12, 2, 3, 2021),
(717, 'Redução Z - Alterar mensagem quando houver conta hotel', 1.00, 1.50, 'h', 1, 0, 7, 2, 2, 2, 12, 2, 3, 2021),
(718, 'Gerar Faturamento - Forma Pagamento Hotel Caixas do PDV', 8.00, 6.00, 'h', 1, 0, 1, 2, 2, 1, 8, 2, 3, 2021),
(719, 'PDV - Controle de Pensões - Identificação por conta', 5.00, 3.50, 'h', 1, 0, 7, 2, 2, 2, 12, 2, 3, 2021),
(720, 'Contas a receber - Estorno de baixa agrupada - Mensagem na confirmação', 2.00, 3.00, 'h', 1, 0, 6, 1, 2, 1, 8, 1, 4, 2021),
(721, 'Estoque - Ajuste de Saldo no Relatório de Alerta de Saldos de Estoque ', 3.00, 2.50, 'h', 1, 0, 6, 1, 2, 1, 6, 1, 4, 2021),
(722, 'iPDV - Identificação de conta (Nome e Telefone )', 8.00, 7.00, 'h', 1, 0, 7, 1, 2, 3, 12, 1, 4, 2021),
(723, 'iPDV - Informação de conta bloqueada', 2.00, 2.50, 'h', 1, 0, 7, 1, 2, 3, 12, 1, 4, 2021),
(724, 'PDV/iPDV - Monitor de Cozinha', 21.00, 20.50, 'h', 1, 1, 7, 1, 2, 2, 12, 1, 4, 2021),
(725, 'Estoque - Ajuste de Estoque Item Adicional', 3.00, 3.00, 'h', 1, 1, 7, 1, 2, 1, 6, 1, 4, 2021),
(726, 'Entrada Própria - Natureza da Operação', 8.00, 5.25, 'h', 1, 0, 11, 1, 2, 1, 9, 1, 4, 2021),
(727, 'Importação Títulos a Pagar - Sistema Condomínio', 5.00, 8.50, 'h', 1, 1, 6, 1, 4, 1, 11, 1, 4, 2021),
(728, 'Relatório Fluxo de Caixa - Filtro por Conta de Centro de Custos', 13.00, 13.00, 'h', 1, 1, 6, 1, 4, 1, 8, 1, 4, 2021),
(729, 'Conferência de Caixa - Habilitar a Função Detalhar', 13.00, 13.75, 'h', 1, 0, 1, 1, 4, 1, 8, 1, 4, 2021),
(730, 'Títulos a Pagar - Data da Operação ao Reativar Título', 2.00, 3.00, 'h', 1, 1, 6, 1, 4, 1, 8, 1, 4, 2021),
(731, 'Títulos a Receber - Data da Operação ao Reativar Título', 2.00, 2.00, 'h', 1, 0, 6, 1, 4, 1, 8, 1, 4, 2021),
(732, 'Configuração Integração Front Office - Nova Configuração Permitir fechar Conta Hotel em outras Formas de Pagamento.', 1.00, 2.00, 'h', 1, 1, 12, 1, 4, 1, 4, 1, 4, 2021),
(733, 'PDV Fechar Conta - Conta Hotel', 2.00, 1.50, 'h', 1, 1, 12, 1, 4, 2, 12, 1, 4, 2021),
(734, 'PDV Pré-Fechar Conta - Conta Hotel', 13.00, 9.50, 'h', 1, 0, 12, 1, 4, 2, 12, 1, 4, 2021),
(735, 'Cadastro de Impostos - Venda / Prestação Serviços a Pessoa Domiciliada no Exterior', 3.00, 5.00, 'h', 1, 2, 11, 1, 3, 1, 2, 1, 4, 2021),
(736, 'Emissão Nota Fiscal Referente Cupom Fiscal /NFCe', 3.00, 3.00, 'h', 1, 0, 11, 1, 3, 1, 9, 1, 4, 2021),
(737, 'Emitir Nota Fiscal Manual', 3.00, 2.50, 'h', 1, 1, 11, 1, 3, 1, 9, 1, 4, 2021),
(738, 'Emitir Nota Fiscal Saída', 3.00, 2.50, 'h', 1, 0, 11, 1, 3, 1, 9, 1, 4, 2021),
(739, 'Cadastro de Eventos - Observações dos Equipamentos', 3.00, 3.00, 'h', 1, 1, 11, 1, 3, 1, 2, 1, 4, 2021),
(740, 'Cadastro de Eventos - Observações das Atividades', 2.00, 2.00, 'h', 1, 1, 11, 1, 3, 1, 2, 1, 4, 2021),
(741, 'Eventos - Novo Campo Vencimento Proposta', 3.00, 4.00, 'h', 1, 0, 11, 1, 3, 1, 7, 1, 4, 2021),
(742, 'Contas a receber - Reativar - Data da reativação', 3.00, 3.50, 'h', 1, 0, 11, 1, 2, 1, 8, 1, 4, 2021),
(743, 'Contas a pagar - Reativar - Data da reativação', 3.00, 2.50, 'h', 1, 0, 11, 1, 2, 1, 8, 1, 4, 2021),
(744, 'Relatório Situação Financeira por Fornecedor', 3.00, 3.50, 'h', 1, 1, 11, 1, 3, 1, 8, 1, 4, 2021),
(745, 'Cadastro de Pessoas - Clonar Endereços Pessoas Cadastradas no Front Office', 1.00, 0.75, 'h', 1, 0, 6, 2, 2, 1, 2, 1, 4, 2021),
(746, 'Manutenção Integração FRONT - Fechamentos com Origem no FRONT Na Manutenção de Fechamento do PDV', 1.00, 0.50, 'h', 1, 0, 1, 2, 2, 1, 11, 1, 4, 2021),
(747, 'Eventos - Orçamento Evento e Ordem de Serviço Evento', 8.00, 3.00, 'h', 1, 0, 7, 2, 3, 1, 7, 1, 4, 2021),
(748, 'AV ao gerar relatórios - Report Builder', 5.00, 10.50, 'h', 1, 1, 8, 2, 2, 1, 1, 1, 4, 2021),
(749, 'ListView - Pintura e alinhamento', 13.00, 10.00, 'h', 1, 0, 8, 2, 2, 1, 1, 1, 4, 2021),
(750, 'Erro abertura conta cartão de consumo iPDV', 5.00, 5.50, 'h', 1, 0, 12, 2, 2, 2, 12, 1, 4, 2021),
(751, 'Integração CM - Separador de decimais', 1.00, 1.00, 'h', 1, 0, 1, 2, 2, 1, 11, 1, 4, 2021),
(752, 'Ajustar gravação do log de conferência de caixa', 5.00, 5.00, 'h', 1, 0, 1, 2, 2, 1, 10, 1, 4, 2021),
(753, 'PDV - Atualizar clientes', 5.00, 14.00, 'h', 1, 1, 8, 2, 2, 2, 12, 1, 4, 2021),
(754, 'Baixa Agrupada - Unassigned', 5.00, 6.00, 'h', 1, 0, 8, 2, 2, 1, 8, 1, 4, 2021),
(755, 'Estoque - Transferência - Bordas brancas no Skin Dark ao abrir a tela', 3.00, 4.00, 'h', 1, 0, 11, 2, 2, 1, 6, 1, 4, 2021),
(756, 'Integração Front Office- Contas pendentes de integração (Casa Grande)', 8.00, 6.00, 'h', 1, 0, 12, 2, 2, 1, 11, 1, 4, 2021),
(757, 'PDV - Problema ao abrir PDV com ECF - não carrega dllpaf.dll', 8.00, 10.50, 'h', 1, 0, 1, 2, 2, 2, 12, 1, 4, 2021),
(758, 'Cadastro de Ambientes - Favoritos - Erro ao alterar imagem', 5.00, 4.50, 'h', 1, 0, 11, 2, 2, 1, 2, 1, 4, 2021),
(759, 'Permissão para pessoa não gera corretamente.', 2.00, 1.25, 'h', 1, 0, 1, 2, 2, 1, 2, 1, 4, 2021),
(760, 'Cadastro de Impressoras Fiscais - Seleção do registro errado na grid', 8.00, 4.00, 'h', 1, 0, 11, 2, 2, 1, 2, 1, 4, 2021),
(761, 'Cadastro de Eventos - Novo Campo Vinculo da Sala', 3.00, 2.25, 'h', 1, 0, 1, 1, 3, 1, 2, 2, 4, 2021),
(762, 'Componente Checkbox - Imagem personalizada (Touch)', 5.00, 5.00, 'h', 1, 0, 2, 1, 2, 2, 12, 2, 4, 2021),
(763, 'Compras | Cotações | Pedidos não abre', 5.00, 3.00, 'h', 1, 0, 8, 1, 2, 1, 3, 2, 4, 2021),
(764, 'Cadastro de pessoa não localiza grupo de permissão', 5.00, 1.50, 'h', 1, 0, 12, 1, 2, 1, 2, 2, 4, 2021),
(765, 'Sincronizar cancelamento - Erro Invalid Type Cast', 1.00, 1.33, 'h', 1, 1, 8, 1, 2, 1, 1, 2, 4, 2021),
(766, 'Sobreposições nas sub-abas de Impostos a recuperar, Ajuste declaratório SPED fiscal e DIFA.', 13.00, 4.75, 'h', 1, 0, 2, 1, 2, 1, 9, 2, 4, 2021),
(767, 'Ícone da Application Server Debravador API', 2.00, 1.00, 'h', 1, 0, 8, 1, 2, 1, 1, 2, 4, 2021),
(768, 'Máscaras colar dados', 8.00, 2.50, 'h', 1, 0, 12, 1, 2, 1, 2, 2, 4, 2021),
(769, 'Conversa sobre troca controle estação', 5.00, 6.00, 'h', 1, 0, 12, 1, 2, 2, 12, 2, 4, 2021),
(770, 'ServidorAPI Travando/Consumo memória(Trace)', 34.00, 43.00, 'h', 1, 0, 8, 1, 2, 1, 10, 2, 4, 2021),
(771, 'Integração do Boleto - BackOffice para Condomínio - Gravar na fila', 5.00, 6.50, 'h', 1, 2, 6, 1, 2, 1, 11, 2, 4, 2021),
(772, 'Atualização de boleto - Gravar na fila para integração para condominio', 8.00, 13.00, 'h', 1, 3, 6, 1, 2, 1, 11, 2, 4, 2021),
(773, 'Integrador condomínio - Ajustes view', 1.00, 1.00, 'h', 1, 0, 6, 1, 2, 1, 11, 2, 4, 2021),
(774, 'Integração para condomínio - Alterar objeto de envio', 8.00, 11.00, 'h', 1, 6, 6, 1, 2, 1, 11, 2, 4, 2021),
(775, 'Integração para condomínio - Enviar agrupamento e desagrupamento', 8.00, 6.50, 'h', 1, 1, 6, 1, 2, 1, 11, 2, 4, 2021),
(776, 'Mapa de Ambientes - Ambiente Híbrido', 8.00, 10.00, 'h', 1, 3, 7, 1, 2, 2, 12, 2, 4, 2021),
(777, 'PDV - Possibilitar salvar Identificação de Cliente Incompleto', 8.00, 21.75, 'h', 1, 1, 1, 1, 2, 2, 12, 2, 4, 2021),
(778, 'Fatores de Conversão - Novo Cadastro de Fator de Conversão do Item', 5.00, 5.00, 'h', 1, 2, 11, 1, 2, 1, 2, 2, 4, 2021),
(779, 'Lançar Nota Fiscal de Entrada - Novo Campo da Unidade de Medida Comercial do Item', 5.00, 6.50, 'h', 1, 0, 11, 1, 2, 1, 9, 2, 4, 2021),
(780, 'Importação NF-e - Unidade de Medida Comercial do Item', 13.00, 16.50, 'h', 1, 0, 11, 1, 2, 1, 9, 2, 4, 2021),
(781, 'Registrar Nota Fiscal Manual - Novo Campo Unidade de Medida Comercial do Item', 3.00, 3.50, 'h', 1, 0, 11, 1, 2, 1, 9, 2, 4, 2021),
(782, 'Emitir Nota Fiscal - Novo Campo Unidade Comercial do Item', 1.00, 1.00, 'h', 1, 0, 11, 1, 2, 1, 9, 2, 4, 2021),
(783, 'Referenciar Cupom Fiscal/NFCe - Gravar Unid. Med. Com. na Emissão da Nota Fiscal do Cupom Fiscal/NFCe', 2.00, 6.00, 'h', 1, 0, 11, 1, 2, 1, 9, 2, 4, 2021),
(784, 'Fechamento Conta PDV - Gravar Informação Unid. Med. Com. na Emissão do Documento Fiscal', 3.00, 3.50, 'h', 1, 0, 11, 1, 2, 2, 12, 2, 4, 2021),
(785, 'SPED Fiscal - Escrituração dos Itens dos Documentos Fiscais', 5.00, 5.00, 'h', 1, 0, 11, 1, 2, 1, 9, 2, 4, 2021),
(786, 'SPED Fiscal - Geração Registro 0220 Fatores de Conversão de Unidades', 8.00, 6.50, 'h', 1, 0, 11, 1, 2, 1, 9, 2, 4, 2021),
(787, 'PDV Fechar Caixa - Conferência Cega Trazer Carregar Soma dos Fechamentos em Cartão TEF', 5.00, 3.17, 'h', 1, 1, 1, 1, 2, 2, 12, 2, 4, 2021),
(788, 'Access Violation Registro inventário', 3.00, 1.00, 'h', 1, 2, 8, 2, 2, 1, 6, 2, 4, 2021),
(789, 'Eventos - Ajustar relatórios campo valor total', 5.00, 2.00, 'h', 1, 0, 1, 1, 3, 1, 7, 2, 4, 2021),
(790, 'Eventos - Alterar valor total enviado para PDV', 3.00, 4.00, 'h', 1, 0, 1, 1, 2, 1, 7, 2, 4, 2021),
(791, 'Abertura do PDV com dois monitores', 5.00, 2.00, 'h', 1, 0, 12, 2, 2, 2, 12, 2, 4, 2021),
(792, 'Controle de Pensão - Identificação por Conta', 2.00, 6.50, 'h', 1, 0, 6, 2, 2, 2, 12, 2, 4, 2021),
(793, 'Cartão de Identificação -Vincular o cartão de identificação com UHs com Letras no identificador', 5.00, 2.50, 'h', 1, 0, 12, 2, 2, 2, 12, 2, 4, 2021),
(794, 'Entrada Nota Fiscal - Chave NFe', 5.00, 1.50, 'h', 1, 0, 12, 2, 2, 1, 9, 2, 4, 2021),
(795, 'Entrada Nota Fiscal - Sub permissão de entrada por categoria', 2.00, 2.75, 'h', 1, 0, 1, 2, 2, 1, 9, 2, 4, 2021),
(796, 'Contas a Receber - Alterar Título com Tipo Doc=Cartão', 2.00, 1.00, 'h', 1, 0, 6, 2, 2, 1, 8, 2, 4, 2021),
(797, 'Importação Pizza Hut -  Invalid class typecast', 3.00, 6.50, 'h', 1, 0, 12, 2, 2, 1, 11, 2, 4, 2021),
(798, 'Criação de scrollbar painel de controle estoque', 1.00, 0.50, 'h', 1, 0, 12, 1, 2, 1, 6, 2, 4, 2021),
(799, 'Importação Títulos a Pagar - Sistema Condomínio - Favorecido', 1.00, 3.75, 'h', 1, 1, 6, 2, 2, 1, 11, 2, 4, 2021),
(800, 'Cadastro de Pessoas - Erros ao Salvar Registros e Desmarcar a Atribuição de Funcionário', 5.00, 6.50, 'h', 1, 0, 12, 2, 2, 1, 2, 2, 4, 2021),
(801, 'Ajustar padrões dos serviços', 5.00, 3.00, 'h', 1, 0, 12, 2, 2, 1, 1, 2, 4, 2021),
(802, 'Manutenção de Lançamentos - Erro ao Efetivar Contabilização', 8.00, 4.75, 'h', 1, 0, 11, 2, 2, 1, 5, 2, 4, 2021),
(803, 'Desabilitar seleção firebird ao configurar PDV', 1.00, 1.00, 'h', 1, 0, 12, 2, 2, 2, 12, 2, 4, 2021),
(804, 'Erro ao integrar cancelamento de fechamento 4.5', 3.00, 2.00, 'h', 1, 0, 12, 2, 2, 1, 11, 2, 4, 2021),
(805, 'Status wait não fecha', 5.00, 5.00, 'h', 1, 0, 12, 2, 2, 2, 12, 2, 4, 2021),
(806, 'Validação limite crédito servidor Offline fechamento a prazo', 3.00, 4.00, 'h', 1, 0, 12, 2, 2, 2, 12, 2, 4, 2021),
(807, 'Erro integração PDV -> 4.1', 3.00, 3.00, 'h', 1, 0, 12, 1, 2, 1, 11, 1, 5, 2021),
(808, 'Fechamentos PDV para Desbravador 4.1 - Não está carregando dados do hotel', 1.00, 1.00, 'h', 1, 0, 12, 1, 2, 1, 11, 1, 5, 2021),
(809, 'Integração do Status da Cota - Data da baixa, multa, juros, outros acréscimos, descontos e abatimentos', 5.00, 5.00, 'h', 1, 2, 6, 1, 3, 1, 11, 1, 5, 2021),
(810, 'Contas a Receber - Alterar vencimento', 5.00, 5.50, 'h', 1, 0, 12, 1, 3, 1, 8, 1, 5, 2021),
(811, 'Contas a Pagar - Alterar vencimento', 5.00, 6.50, 'h', 1, 0, 12, 1, 3, 1, 8, 1, 5, 2021),
(812, 'Contas a Receber - Não permitir baixa parcial para títulos de origem condomínio', 1.00, 1.00, 'h', 1, 0, 6, 1, 3, 1, 8, 1, 5, 2021),
(813, 'Contas a Receber - Não alterar títulos de origem condomínio', 2.00, 2.00, 'h', 1, 4, 6, 1, 3, 1, 8, 1, 5, 2021),
(814, 'Delivery - Configurações', 5.00, 8.25, 'h', 1, 3, 11, 1, 2, 1, 4, 1, 5, 2021),
(815, 'Sincronizar Delivery no fechamento - PDV', 13.00, 13.25, 'h', 1, 0, 7, 1, 2, 2, 12, 1, 5, 2021),
(816, 'Sincronizador de contas delivery - Sincronizador de contas', 13.00, 22.00, 'h', 1, 1, 7, 1, 2, 2, 12, 1, 5, 2021),
(817, 'Salvar dados do delivery', 13.00, 15.75, 'h', 1, 0, 11, 1, 2, 2, 12, 1, 5, 2021),
(818, 'Controlar estação única pelo mac address e pelo serial do HD - Wizard', 13.00, 22.50, 'h', 1, 0, 7, 1, 2, 2, 12, 1, 5, 2021),
(819, 'Controlar estação única pelo mac address e pelo serial do HD - Abrir PDV', 2.00, 2.00, 'h', 1, 0, 7, 1, 2, 2, 12, 1, 5, 2021),
(820, 'Controlar estação única pelo mac address e pelo serial do HD - Atualizar PDV', 2.00, 2.00, 'h', 1, 0, 7, 1, 2, 2, 12, 1, 5, 2021),
(821, 'Controlar estação única pelo mac address e pelo serial do HD - Geração índice único no servidor', 5.00, 4.25, 'h', 1, 0, 7, 1, 2, 2, 12, 1, 5, 2021),
(822, 'Configuração de usuário para integrações por API´s', 2.00, 4.00, 'h', 1, 1, 7, 1, 2, 1, 4, 1, 5, 2021),
(823, 'Integrador Delivery - Usuário para integrações', 2.00, 2.50, 'h', 1, 0, 7, 1, 2, 1, 11, 1, 5, 2021),
(824, 'Conta a receber - Faturar', 2.00, 1.50, 'h', 1, 0, 12, 1, 2, 1, 8, 1, 5, 2021),
(825, 'Contas a Receber - Títulos em cobrança', 3.00, 3.50, 'h', 1, 1, 12, 1, 2, 1, 8, 1, 5, 2021),
(826, 'Integração de protesto e judicialização do Condomínio - Criar configuração IP/Porta Servidor API', 2.00, 2.00, 'h', 1, 0, 6, 1, 3, 1, 11, 1, 5, 2021),
(827, 'Integração de protesto e judicialização do Condomínio - Integrar protesto', 8.00, 10.25, 'h', 1, 1, 6, 1, 3, 1, 11, 1, 5, 2021),
(828, 'Integração de protesto e judicialização do Condomínio - Servidor API', 13.00, 15.50, 'h', 1, 0, 6, 1, 3, 1, 11, 1, 5, 2021),
(829, 'Integração de baixas de títulos do condomínio - Integrar baixa', 5.00, 6.00, 'h', 1, 0, 6, 1, 3, 1, 11, 1, 5, 2021),
(830, 'Integração de baixas de títulos do condomínio - Servidor API', 13.00, 14.25, 'h', 1, 0, 6, 1, 3, 1, 11, 1, 5, 2021),
(831, 'Integração de baixas de títulos do condomínio - Gravar tabelas', 13.00, 14.00, 'h', 1, 0, 6, 1, 3, 1, 11, 1, 5, 2021),
(832, 'Contas a Receber - Títulos em cobrança - Operações financeiras', 5.00, 8.75, 'h', 1, 0, 11, 1, 3, 1, 8, 1, 5, 2021),
(833, 'Consulta Cartão de Consumo - Leiaute Janela de Consulta Quando Configurado Somente Consulta', 3.00, 4.75, 'h', 1, 2, 12, 1, 4, 2, 12, 1, 5, 2021),
(834, 'Modelo de Documentos - Novo Tipos de Documento Pedido de Compra', 13.00, 12.50, 'h', 1, 2, 11, 1, 3, 1, 3, 1, 5, 2021),
(835, 'Pedidos - Melhorias no Atributo Imprimir', 8.00, 11.00, 'h', 1, 2, 11, 1, 3, 1, 3, 1, 5, 2021),
(836, 'Planilha Cotação Individual - Grid de Analise das Cotações Sugerindo Produtos pelo Valor Unitário', 3.00, 3.00, 'h', 1, 1, 11, 1, 2, 1, 3, 1, 5, 2021),
(837, 'Back - Passar método do Scroll para o clássico', 1.00, 1.00, 'h', 1, 0, 8, 1, 2, 1, 1, 1, 5, 2021),
(838, 'Cadastro de Eventos - Separar Campos de Condição e Status do Evento', 8.00, 8.50, 'h', 1, 1, 11, 1, 3, 1, 2, 1, 5, 2021),
(839, 'Eventos - Ajustar o PDV para Avaliar a Nova Condição para Eventos Confirmados', 3.00, 1.00, 'h', 1, 0, 11, 1, 3, 1, 7, 1, 5, 2021),
(840, 'Lançar Nota Fiscal Entrada - Gravar o Fator de Conversão da Unidade Comercial do Item da Nota Fiscal', 3.00, 3.00, 'h', 1, 0, 11, 1, 3, 1, 9, 1, 5, 2021),
(841, 'Importar Nota Fiscal de Entrada - Sugerir a Informação do Campo Qtde. por Embalagem', 5.00, 3.50, 'h', 1, 0, 11, 1, 3, 1, 9, 1, 5, 2021),
(842, 'PDV - Skin Clássico', 2.00, 2.50, 'h', 1, 0, 12, 1, 2, 2, 12, 1, 5, 2021),
(843, 'Ajustar comportamento Offline PDV', 13.00, 25.75, 'h', 1, 1, 1, 1, 2, 2, 12, 1, 5, 2021),
(844, 'Lançamento de Adiantamento - Gerar títulos - Limpando código da pessoa', 1.00, 1.00, 'h', 1, 0, 6, 2, 2, 1, 8, 1, 5, 2021),
(845, 'Cadastro pessoa - Alterar grupo de permissão', 5.00, 5.50, 'h', 1, 0, 12, 2, 2, 1, 2, 1, 5, 2021),
(846, 'Adequar emissão da Nota técnica 2020.006', 8.00, 7.50, 'h', 1, 0, 1, 2, 2, 1, 9, 1, 5, 2021),
(847, 'Leiaute e gerador do ENFE para Backoffice', 8.00, 9.00, 'h', 1, 0, 1, 2, 2, 1, 9, 1, 5, 2021),
(848, 'Trocar logo - Login Back-Office/PDV e fundo PDV', 2.00, 1.50, 'h', 1, 0, 12, 2, 2, 2, 12, 1, 5, 2021),
(849, 'Sped Fiscal - Registro C195 com mensagem de erro', 1.00, 1.00, 'h', 1, 0, 12, 2, 2, 1, 9, 1, 5, 2021),
(850, 'Sped Fiscal - Registro C195 com mensagem de erro', 1.00, 1.00, 'h', 1, 0, 12, 2, 2, 1, 9, 1, 5, 2021),
(851, 'Sincronizador de contas delivery - Sincronizador cancelamentos pelo PDV', 8.00, 12.50, 'h', 1, 2, 7, 1, 2, 2, 12, 2, 5, 2021),
(852, 'Contas a Receber - Títulos em cobrança - Novo status em processo de protesto', 1.00, 2.75, 'h', 1, 2, 12, 1, 2, 1, 8, 2, 5, 2021),
(853, 'Duplicar Produtos - Novos Atributos', 8.00, 10.83, 'h', 1, 2, 11, 1, 4, 1, 10, 2, 5, 2021),
(854, 'Melhoria comportamento Offline', 8.00, 6.58, 'h', 1, 2, 12, 1, 2, 2, 12, 2, 5, 2021),
(855, 'Recriar índice Mac Address', 1.00, 1.00, 'h', 1, 0, 7, 1, 2, 2, 12, 2, 5, 2021),
(856, 'Configurações Financeiro / Contas Pagar - Novos Campos na Configuração dos Lançamentos Automáticos', 2.00, 2.50, 'h', 1, 1, 7, 1, 2, 1, 4, 2, 5, 2021),
(857, 'Configurações Estoque\Compras - Nova Flag Gerar Provisão Financeira do Pedido de Compra', 1.00, 1.00, 'h', 1, 0, 7, 1, 4, 1, 4, 2, 5, 2021),
(858, 'Pedido de Compra - Gerar Provisão Financeira do Pedido de Compra - Situações 01 e 02', 21.00, 29.35, 'h', 1, 1, 7, 1, 4, 1, 3, 2, 5, 2021),
(859, 'Pedido de Compra - Gerar Provisão Financeira do Pedido de Compra - Situações 03 e 04', 13.00, 13.00, 'h', 1, 0, 7, 1, 4, 1, 3, 2, 5, 2021),
(860, 'Pedido de Compra - Gerar Provisão Financeira do Pedido de Compra - Situação 05', 3.00, 4.08, 'h', 1, 2, 7, 1, 4, 1, 3, 2, 5, 2021),
(861, 'Pedido de Compra - Gerar Provisão Financeira do Pedido de Compra - Situação 06', 1.00, 1.00, 'h', 1, 0, 7, 1, 4, 1, 3, 2, 5, 2021),
(862, 'Pedido de Compra - Gerar Provisão Financeira do Pedido de Compra - Situação 07', 3.00, 3.00, 'h', 1, 0, 7, 1, 4, 1, 3, 2, 5, 2021),
(863, 'Pedido de Compra - Gerar Provisão Financeira do Pedido de Compra - Situação 08', 2.00, 2.00, 'h', 1, 1, 7, 1, 4, 1, 3, 2, 5, 2021),
(864, 'Pedido de Compra - Confirmar Provisão ao Gerar Título na Importação da Nota Fiscal de Entrada', 13.00, 23.08, 'h', 1, 0, 11, 1, 4, 1, 3, 2, 5, 2021),
(865, 'Importar Nota Fiscal de Entrada - Confirmar Provisão Financeira na Geração do Título', 1.00, 1.00, 'h', 1, 0, 11, 1, 4, 1, 9, 2, 5, 2021),
(866, 'Pedido de Compra - Confirmar Provisão ao Gerar Título no Lançamento da Nota Fiscal de Entrada', 5.00, 5.00, 'h', 1, 0, 11, 1, 4, 1, 3, 2, 5, 2021),
(867, 'Lançar Nota Fiscal de Entrada - Confirmar Provisão Financeira na Geração do Título', 1.00, 1.00, 'h', 1, 1, 11, 1, 4, 1, 9, 2, 5, 2021),
(868, 'Contas a Pagar - Confirmar Provisão Financeira no Lançamento do Título', 2.00, 3.00, 'h', 1, 0, 7, 1, 4, 1, 8, 2, 5, 2021),
(869, 'Planilha de Cotação Individual - Sugestão dos Valores de Empate', 3.00, 5.08, 'h', 1, 0, 11, 1, 4, 1, 3, 2, 5, 2021),
(870, 'Contas a Receber - Estornar Baixa de Títulos - Não gravar como estorno para data diferente', 2.00, 1.50, 'h', 1, 0, 11, 1, 2, 1, 8, 2, 5, 2021),
(871, 'Contas a Pagar - Estornar Baixa de Títulos - Não gravar como estorno para data diferente', 2.00, 3.58, 'h', 1, 0, 11, 1, 2, 1, 8, 2, 5, 2021),
(872, 'Livro Serviços Prestados - Totalizadores', 2.00, 3.92, 'h', 1, 1, 11, 1, 2, 1, 9, 2, 5, 2021),
(873, 'PDV Offline - Atualizar Atributo Fechar Caixa ao Concluí o Processo de Fechamento do Caixa', 3.00, 2.00, 'h', 1, 0, 12, 1, 4, 2, 12, 2, 5, 2021),
(874, 'Modelos de Documentos - Totalizar o Valor do Custo Total das Salas, Cardápio e Equipamentos', 5.00, 6.00, 'h', 1, 1, 12, 1, 4, 1, 7, 2, 5, 2021),
(875, 'Requisições - Ajustar a Gravação da Data da Requisição Automática no Banco de Dados', 3.00, 1.08, 'h', 1, 1, 12, 1, 3, 1, 6, 2, 5, 2021),
(876, 'Planilha de Cotação Global - Erro na Seleção da Empresa', 1.00, 0.58, 'h', 1, 1, 12, 1, 2, 1, 3, 2, 5, 2021),
(877, 'Títulos a Pagar - Conta movimento', 2.00, 1.83, 'h', 1, 0, 11, 1, 2, 1, 8, 2, 5, 2021),
(878, 'Títulos a Receber - Conta movimento', 1.00, 1.00, 'h', 1, 2, 11, 1, 2, 1, 8, 2, 5, 2021),
(879, 'Gerar Faturamento - Melhorias no Processo', 8.00, 15.50, 'h', 1, 2, 11, 1, 3, 1, 8, 2, 5, 2021),
(880, 'iPDV - Lançamento com Observação Apresenta erro ', 2.00, 2.00, 'h', 1, 0, 12, 2, 2, 3, 12, 2, 5, 2021),
(881, 'Gerar Faturamento - Duplicidade de títulos', 2.00, 2.00, 'h', 1, 0, 12, 2, 2, 1, 8, 2, 5, 2021),
(882, 'Provisões Financeiras - Cancelamento de Provisão Vinculada ao Pedido de Compras', 3.00, 8.33, 'h', 1, 1, 7, 2, 2, 1, 8, 2, 5, 2021),
(883, 'Fechar Conta - Erro ao Fechar Conta no Sistema Front Office', 2.00, 2.00, 'h', 1, 0, 12, 2, 2, 1, 11, 2, 5, 2021),
(884, 'Situação 09 - Validação de Confirmação de Provisões Ligadas a Pedido de Compra', 2.00, 5.50, 'h', 1, 1, 7, 2, 2, 1, 8, 2, 5, 2021),
(885, 'Disponibilizar método para consulta de valores em aberto por gênero', 8.00, 5.00, 'h', 1, 0, 12, 2, 2, 2, 12, 2, 5, 2021),
(886, 'Atualizar gerador do ENFE para Backoffice - Código do PDV na observação', 2.00, 2.00, 'h', 1, 0, 1, 1, 2, 1, 9, 1, 6, 2021),
(887, 'Atualizações para o PDV - Informações do ENFE', 13.00, 12.00, 'h', 1, 2, 1, 1, 2, 2, 12, 1, 6, 2021),
(888, 'Importação de títulos a receber - Sistema Condomínio - Desconto e condicional - Etapa 1', 8.00, 5.00, 'h', 1, 0, 6, 1, 4, 1, 11, 1, 6, 2021),
(889, 'Importação de títulos a receber - Sistema Condomínio - Desconto e condicional - Etapa 2', 8.00, 5.00, 'h', 1, 0, 6, 1, 4, 1, 11, 1, 6, 2021),
(890, 'Contas a Receber - Origem Condomínio - Informações da cota - Descontos incondicionais e condicionais', 2.00, 1.58, 'h', 1, 0, 6, 1, 4, 1, 8, 1, 6, 2021),
(891, 'Gerenciador de Formulários - Fatura e Boleto - Descontos incondicionais e condicionais', 5.00, 5.58, 'h', 1, 2, 6, 1, 4, 1, 10, 1, 6, 2021),
(892, 'CNAB - Descontos incondicionais e condicionais', 8.00, 3.00, 'h', 1, 0, 6, 1, 4, 1, 8, 1, 6, 2021),
(893, 'Lançar Nota Fiscal de Entrada - Sugerir Conta de Centro de Custos do Setor Informado no Lançamento do Item do Documento Fiscal ao Gerar Título', 3.00, 9.00, 'h', 1, 1, 11, 1, 2, 1, 8, 1, 6, 2021),
(894, 'Importar Nota Fiscal de Entrada - Sugerir Conta de Centro de Custos do Setor Informado no Lançamento do Item do Documento Fiscal ao Gerar Título', 1.00, 6.08, 'h', 1, 1, 11, 1, 2, 1, 8, 1, 6, 2021),
(895, 'Gerenciar Nota Fiscal de Entrada - Sugerir Conta de Centro de Custos do Setor Informado no Lançamento do Item do Documento Fiscal ao Gerar Título', 1.00, 1.00, 'h', 1, 0, 11, 1, 2, 1, 8, 1, 6, 2021),
(896, 'Integração Front Office- Configuração Forma de Controle de Contas com Identificação hotel', 5.00, 12.17, 'h', 1, 0, 3, 1, 4, 1, 11, 1, 6, 2021),
(897, 'iPDV - Controle de conta por Código de Identificação e Ambiente', 8.00, 11.00, 'h', 1, 1, 7, 1, 4, 3, 12, 1, 6, 2021),
(898, 'iCamareira - Controle de conta por Código de Identificação e Ambiente', 2.00, 2.00, 'h', 1, 0, 7, 1, 4, 1, 11, 1, 6, 2021),
(899, 'iService - Controle de conta por Código de Identificação e Ambiente', 2.00, 2.00, 'h', 1, 0, 7, 1, 4, 1, 11, 1, 6, 2021),
(900, 'PDV - Micro terminal - CST de ICMS', 8.00, 10.17, 'h', 1, 1, 7, 1, 4, 2, 12, 1, 6, 2021),
(901, 'Apuração ISS - Não Validar Estabelecimento SCP na Apuração', 3.00, 10.58, 'h', 1, 2, 11, 1, 4, 1, 9, 1, 6, 2021),
(902, 'Livro Registro Serviços Tomados - Não Validar Estabelecimento SCP na Listagem dos Documentos Fiscais', 3.00, 2.00, 'h', 1, 1, 11, 1, 4, 1, 9, 1, 6, 2021),
(903, 'Livro Registro Serviços Prestados - Não Validar Estabelecimento SCP na Listagem dos Documentos Fiscais', 3.00, 1.00, 'h', 1, 0, 11, 1, 4, 1, 9, 1, 6, 2021),
(904, 'Pedido de Compra - Totalizador da Coluna Vl. Total da Grid de Itens', 2.00, 2.00, 'h', 1, 1, 6, 1, 4, 1, 3, 1, 6, 2021),
(905, 'Cadastro de Impostos - Permitir Gravar Alíquota Zero para CSOSN 101, 201, 102 e 202', 2.00, 4.08, 'h', 1, 0, 3, 1, 4, 1, 2, 1, 6, 2021),
(906, 'Registrar Nota Fiscal Manual - Ajuste na Regra ao Gravar o Valor de ICMS Passível de Crédito pelo Cliente', 3.00, 5.25, 'h', 1, 0, 6, 1, 4, 1, 9, 1, 6, 2021),
(907, 'Emitir Nota Fiscal - Ajuste na Regra ao Gravar o Valor de ICMS Passível de Crédito pelo Cliente', 1.00, 0.75, 'h', 1, 0, 6, 1, 4, 1, 9, 1, 6, 2021),
(908, 'Emitir Documento Fiscal PDV - Ajuste na Regra ao Gravar o Valor de ICMS Passível de Crédito pelo Cliente', 13.00, 21.25, 'h', 1, 6, 6, 1, 4, 1, 9, 1, 6, 2021),
(909, 'Atualizar Leiaute e Gerador do ENFE para Backoffice - Tags pCredSN e vCredICMSSN', 2.00, 2.50, 'h', 1, 0, 1, 1, 4, 1, 9, 1, 6, 2021),
(910, 'Emitir / Gerenciar Nota Fiscal de Saída - Gerar Título', 1.00, 1.00, 'h', 1, 1, 11, 2, 2, 1, 9, 1, 6, 2021),
(911, 'Emitir / Gerenciar Nota Fiscal de Saída - Gerar Título', 1.00, 1.00, 'h', 1, 0, 11, 2, 2, 1, 9, 1, 6, 2021),
(912, 'iPDV - Extrato em tela listando em branco', 1.00, 1.00, 'h', 1, 0, 12, 2, 2, 3, 12, 1, 6, 2021),
(913, 'Atualizações para o PDV - idserie', 1.00, 0.58, 'h', 1, 0, 1, 2, 2, 2, 12, 1, 6, 2021),
(914, 'Integração CM - Erro na identificação conta hotel', 1.00, 1.00, 'h', 1, 0, 12, 2, 2, 1, 11, 1, 6, 2021),
(915, 'Serviço Estação - Erro ao fechar caixa e emitir redução Z PDV', 1.00, 1.00, 'h', 1, 0, 12, 2, 2, 2, 12, 1, 6, 2021),
(916, 'Cadastro de Ambientes - iPDV - Formas de Pagamento', 3.00, 3.25, 'h', 1, 1, 12, 2, 2, 1, 2, 1, 6, 2021),
(917, 'Cadastro de Ambientes - iPDV - Formas de Pagamento', 1.00, 1.25, 'h', 1, 0, 12, 2, 2, 1, 2, 1, 6, 2021),
(918, 'Disponibilizar dados de Empresa(s) ativa(s)', 1.00, 1.00, 'h', 1, 0, 7, 1, 2, 1, 11, 1, 6, 2021),
(919, 'Disponibilizar dados por gênero de contas em aberto', 1.00, 1.00, 'h', 1, 0, 7, 1, 2, 1, 11, 1, 6, 2021),
(920, 'Itens mais vendidos por hora', 8.00, 9.92, 'h', 1, 0, 12, 1, 2, 1, 11, 1, 6, 2021),
(921, 'Disponibilizar dados por gênero de contas Fechadas', 5.00, 9.00, 'h', 1, 0, 11, 1, 2, 1, 11, 1, 6, 2021),
(922, 'Fechamentos Conta Hotel - Ajustar a Gravação das Informações do Titular, Hospede Principal e Demais Hospedes', 2.00, 1.58, 'h', 1, 0, 12, 1, 3, 1, 11, 2, 6, 2021),
(923, 'Gerenciador de Formulários Tipo Fatura e Boleto - Disponibilizar Novos Campos no Pipeline LancCaixaContaHotel', 2.00, 1.17, 'h', 1, 0, 12, 1, 4, 1, 10, 2, 6, 2021),
(924, 'Gerenciador de Formulários Tipo Nota Fiscal - Disponibilizar Novos Campos no Pipeline DadosConta', 1.00, 0.25, 'h', 1, 0, 12, 1, 4, 1, 10, 2, 6, 2021),
(925, 'Grupos de Permissão - Mensagem ao Acessar Grupos de Permissão', 3.00, 2.00, 'h', 1, 0, 12, 1, 4, 1, 2, 2, 6, 2021),
(926, 'iPDV - Fechamento de Conta para Hotel', 13.00, 16.58, 'h', 1, 1, 7, 1, 4, 3, 12, 2, 6, 2021),
(927, 'PDV Observação do Pedido de Entrega - Aumentar Tamanho do Campo Observação do Pedido para 255 Caracteres', 5.00, 4.58, 'h', 1, 0, 6, 1, 4, 2, 12, 2, 6, 2021),
(928, 'PDV - Movimento de Caixa - Incluir informação de UH e Identificador', 5.00, 4.08, 'h', 1, 0, 7, 1, 4, 2, 12, 2, 6, 2021),
(929, 'PDV - Movimento de Caixa - Pesquisar registros de Operações de caixa por UH e Identificador', 5.00, 3.08, 'h', 1, 0, 7, 1, 4, 2, 12, 2, 6, 2021),
(930, 'Fechar Caixa PDV - Mensagem na validação de NFC-e pendente', 1.00, 0.17, 'h', 1, 0, 6, 1, 4, 2, 12, 2, 6, 2021),
(931, 'Configurações Contábeis - Permitir lançamento de centro de custos na entrada de itens de produtos', 1.00, 0.58, 'h', 1, 0, 6, 1, 4, 1, 4, 2, 6, 2021),
(932, 'Nota Fiscal de Entrada - Centro de custo para notas de produtos - Lançar Nota', 8.00, 16.50, 'h', 1, 2, 11, 1, 4, 1, 9, 2, 6, 2021),
(933, 'iPDV - Fechamento de conta para hotel vinculado a Mesa.', 3.00, 3.50, 'h', 1, 0, 12, 1, 4, 3, 12, 2, 6, 2021),
(934, 'Integração PDV x Opera - Gravar NRLANCCAIXA', 8.00, 5.00, 'h', 1, 0, 12, 1, 4, 1, 11, 2, 6, 2021),
(935, 'Fechar Conta PDV - Novo Campo Observação no Fechamento da Conta', 8.00, 11.00, 'h', 1, 1, 7, 1, 3, 2, 12, 2, 6, 2021),
(936, 'Apuração PIS / COFINS - Totais de Receita X Valor Contabil - Saída - Situação 1 - Apuração', 5.00, 2.00, 'h', 1, 0, 11, 1, 3, 1, 9, 2, 6, 2021),
(937, 'Apuração PIS / COFINS - Totais de Receita X Valor Contabil - Saída - Situação 2 - Pesquisa', 8.00, 9.33, 'h', 1, 1, 11, 1, 3, 1, 9, 2, 6, 2021),
(938, 'Apuração PIS / COFINS - Totais de Receita X Valor Contabil - Entrada - Situação 1 - Apuração ', 5.00, 9.00, 'h', 1, 2, 11, 1, 3, 1, 9, 2, 6, 2021),
(939, 'Apuração PIS / COFINS - Totais de Receita X Valor Contabil - Entrada - Situação 2 - Pesquisa ', 8.00, 9.83, 'h', 1, 1, 11, 1, 3, 1, 9, 2, 6, 2021),
(940, 'PDV - Lançamento com Consumação - Informações do Gênero', 3.00, 1.08, 'h', 1, 0, 7, 1, 2, 2, 12, 2, 6, 2021),
(941, 'Totalizadores da coluna da grid com valores cortados - Skin Light', 1.00, 5.00, 'h', 1, 0, 12, 1, 4, 1, 1, 2, 6, 2021),
(942, 'Integração de baixas de títulos do condomínio - Validar período financeiro e período contábil', 5.00, 4.00, 'h', 1, 1, 6, 1, 3, 1, 11, 2, 6, 2021),
(943, 'Pedido de Compra - Novo Campo Condições Pagto', 3.00, 6.08, 'h', 1, 1, 3, 1, 2, 1, 3, 2, 6, 2021),
(944, 'Relatório Pedido de Compra - Gerar Informações da Condição de Pagamento', 2.00, 5.08, 'h', 1, 1, 3, 1, 3, 1, 3, 2, 6, 2021),
(945, 'Modelos de Documento - Disponibilizar Campo Condições de Pagamento na Configuração do Leiaute do Tipo Pedidos de Compra', 3.00, 3.08, 'h', 1, 0, 3, 1, 3, 1, 3, 2, 6, 2021),
(946, 'Demonstrativo Apuração PIS/COFINS Seção Saídas - Nova Coluna Nº RPS das Fichas de Totais de Saídas', 8.00, 7.50, 'h', 1, 0, 11, 1, 2, 1, 9, 2, 6, 2021),
(947, 'Contas a Pagar - Ordem de Pagamento - Duplicidade', 3.00, 1.08, 'h', 1, 0, 6, 1, 2, 1, 8, 2, 6, 2021),
(948, 'Cadastro Pessoas - CNAB - CNPF/CPF de terceiro e conta principal por modalidade', 5.00, 7.58, 'h', 1, 1, 6, 1, 2, 1, 2, 2, 6, 2021),
(949, 'CNAB Pagamento - CNPF/CPF de terceiro e conta principal por modalidade', 5.00, 2.50, 'h', 1, 0, 6, 1, 2, 1, 8, 2, 6, 2021),
(950, 'Gerenciador de Formulários - Ordem de pagamento - Conta corrente vinculada ao fornecedor', 2.00, 3.67, 'h', 1, 3, 6, 1, 2, 1, 10, 2, 6, 2021),
(951, 'Conciliação de Cartão - Recurso múltiplas expressões', 5.00, 2.08, 'h', 1, 0, 6, 1, 2, 1, 8, 2, 6, 2021),
(952, 'Quadrante dos 15 itens mais vendidos - Tratar cenário', 2.00, 2.00, 'h', 1, 0, 7, 1, 2, 1, 11, 2, 6, 2021),
(953, 'Grupos de Permissão do PDV - Nova Flag Permite Cancelar Transações TEF', 5.00, 4.00, 'h', 1, 1, 7, 1, 3, 2, 12, 2, 6, 2021),
(954, 'Cadastro de Estação - Nova Configuração para Confirmar Transação TEF Automaticamente ao Finalizar o Fechamento da Conta', 3.00, 3.00, 'h', 1, 2, 7, 1, 3, 1, 2, 2, 6, 2021),
(955, 'Fechar Conta Cartão TEF - Adequar o Processo Confirmação Fechamentos Conforme Nova Configuração da Estação', 2.00, 3.50, 'h', 1, 3, 7, 1, 3, 2, 12, 2, 6, 2021),
(956, 'Eventos - Novo Campo Leiaute Orçamento e Ordem de Serviço', 5.00, 4.08, 'h', 1, 0, 11, 1, 3, 1, 7, 2, 6, 2021),
(957, 'Cadastro de Ambiente - Nova Configuração de Integração Front Office Habilitar Observações Privada/Pública da Conta Hospede', 3.00, 3.00, 'h', 1, 0, 6, 1, 2, 1, 2, 2, 6, 2021),
(958, 'PDV Identificação Conta Hotel - Avaliar Configuração do Ambiente na Integração do Front Office para Habilitar Observações da Conta', 5.00, 10.50, 'h', 1, 2, 6, 1, 2, 2, 12, 2, 6, 2021),
(959, 'Atualizações para o PDV - Informações do ENFE - Manutenção', 8.00, 5.00, 'h', 1, 1, 1, 1, 2, 1, 9, 2, 6, 2021),
(960, 'Delivery - Ajuste no Skin de Cores na Legenda do Status do Pedido', 5.00, 5.25, 'h', 1, 0, 7, 2, 2, 2, 12, 2, 6, 2021),
(961, 'Importação de títulos a receber - Sistema Condomínio - Múltiplos planos de desconto', 1.00, 5.00, 'h', 1, 4, 6, 2, 2, 1, 11, 2, 6, 2021),
(962, 'iPDV / TEF Wifi - Conflito de Mesas em Multiambientes', 1.00, 1.00, 'h', 1, 0, 12, 2, 2, 3, 12, 2, 6, 2021),
(963, 'Planilha Cotação Individual - Erro ao Importar Cotação via Arquivo CSV', 3.00, 2.50, 'h', 1, 0, 6, 2, 2, 1, 3, 2, 6, 2021),
(964, 'Nova Coluna Nr.Fechamento na Grid de Títulos a Receber', 5.00, 5.25, 'h', 1, 0, 12, 1, 2, 1, 8, 2, 6, 2021),
(965, 'Disponibilizar consumos com situação Estornado -Analyser', 8.00, 8.00, 'h', 1, 1, 7, 2, 2, 1, 11, 2, 6, 2021),
(966, 'Importação de títulos - Sistema Condomínio - Formato data dd/mm/aaaa e Planos de descontos', 2.00, 2.00, 'h', 1, 1, 6, 1, 4, 1, 11, 2, 6, 2021),
(967, 'Relatório Delivery - Não está apresentado informações', 2.00, 2.00, 'h', 1, 0, 7, 2, 2, 1, 10, 2, 6, 2021),
(968, 'Importação de títulos de contas a receber e a pagar - Validação de centavos', 3.00, 3.00, 'h', 1, 0, 12, 2, 2, 1, 11, 2, 6, 2021);